CODIGO,UBICACION,PRODUCTO,DESCRIPCION,MARCA,MODELO,STOCK,OBSERVACIONES,IMAGEN,FECHA DE INGRESO,,,,,,,,,
S0001,AREA B,CABLE PATCH,"Cable de parcheo UTP Categoría 6, con plug modular en cada extremo - 6 m. - Rojo",PANDUIT,NK6PC20RDY,4,,,,,,,,,,,,
S0002,AREA B,CABLE UTP,"CABLE UTP, CAT 5E UTP RJ45 TO RJ45, PATCH CORD CAT 5E/ CLASS D, COLOR ROJO",PANDUIT,NK5EPC20RDY,8,3,,,,,,,,,,,
S0003,AREA B,CABLE UTP,"Cable de parcheo UTP Categoría 5e, con plug modular en cada extremo - 1 m. - Azul",PANDUIT,NK5EPC3BUY,6,,,,,,,,,,,,
S0004,AREA B,CABLE UTP,"CABLE UTP, CAT 5E UTP RJ45 TO RJ45, PATCH CORD CAT 5E/ CLASS D, COLOR BLANCO",PANDUIT,NK5EPC3Y,1,,,,,,,,,,,,
S0005,AREA P1,ROUTER,"MODEM ECHOLIFE HG824SWS-6T, GPON, TERMINAL SC/APC",HUAWEI,ECHOLIFEHG8245W5-6T,8,5,,,,,,,,,,,
S0006,AREA B,CINCHO,CINCHO NEGRO / BRIDA PARA CABLES DE ACERO INOXIDABLE,OPTICTIMES,JJ-SST01,-93,,,,,,,,,,,,
S0007,AREA B,MUÑEQUERA,"MUÑEQUERA ANTIESTATICA, COLOR AZUL",CANMAX,19-280500,2,,,,,,,,,,,,
S0008,AREA A,QUIDWAY,LAYER 3 ETHERNET SWITCH,HUAWEI,S3300,-4,,,,,,,,,,,,
S0009,,DISTRIBUIDOR DE FIBRA OPTICA,DISTRIBUIDOR DE FIBRA OPTICA 8002,LINKEDPRO,LPODF8002,7,,,,,,,,,,,,
S0010,AREA A,JUMPER,"KIT 12 PIGTAILS SC/APC SM G657A2, 2 m.",LINKEDPRO,LPFOSMPIG12SCA,2,9,,,,,,,,,,,
S0011,AREA B,ADAPTADOR,ADAPTADOR DVI-I A VGA,STEREN,500-900,1,,,,,,,,,,,,
S0012,AREA E,CIERRE,Cierre horizontal de gran capacidad para albergar hasta 96 empalmes en 4 charolas de 24 empalmes cada una. Modelo con 4 puertos de entrada/salida de cable y sellado con goma de silicona vulcanizada para una operación más sencilla y práctica pero sin comprometer la protección de las fibras. Amplia gama de aplicaciones.,FUSION GUARD,FCLO-P-HO-96,0,,,,,,,,,,,,
S0013,,CIERRE,CIERRE DE EMPALME DE FIBRA ÓPTICA DE 96,FIBERHOME,FNA300001-96-GJ,0,,,,,,,,,,,,
S0014,,CIERRE,CIERRE DE EMPALME HORIZONTAL 48 FIBRAS SERIEL,FUSION GUARD,FCLO-P-HO-I-48,-2,,,,,,,,,,,,
S0015,,JUEGO BÁSICO,"JUEGO BÁSICO 2178-S FIBRA OPTICA, ME-9001-0035-0",,1028772,0,,,,,,,,,,,,
S0016,AREA EX4,ODF,"DISTRIBUIDOR DE FIBRA OPTICA, ODF 48 HILOS",LINKEDPRO,LPODF8048,0,,,,,,,,,,,,
S0017,AREA D,CONECTOR,CONECTORES VERDES PARA FIBRA OPTICA,CROSSOP+,FAC-ASC,1417,283,,,,,,,,,,,
S0018,AREA C,ACOPLADOR,"CONECTOR ACOPLADOR DE FIBRA OPTICA, COLOR VERDE",LINKEDPRO,LPFOAD6077,0,,,,,,,,,,,,
S0019,,SPLITTER,"DIVISOR DE FIBRA FUNDIDA, 5/95",OPTICTIMES,FBT01-2-95/5,0,,,,,,,,,,,,
S0020,AREA H,DIVISOR OPTICO,"DIVISOR OPTICO 1X16 SC/APC, COLORES",FIBERHOME,PLC116SCAPC,7,3,,,,,,,,,,,
S0021,AREA B,SPLITTER,DIVISOR OPTICO 1X2 5/95 SIN CONECTORES,FIBERHOME,SSCA1X213105/9502.4X251M,3,3,,,,,,,,,,,
S0022,AREA B,SPLITTER,DIVISOR OPTICO 1X2 20/80 SIN CONECTORES,FIBERHOME,SSCA1X2131020/8002.4X251M,3,4,,,,,,,,,,,
S0023,AREA B,SPLITTER,DIVISOR OPTICO 1X2 30/70 SIN CONECTORES,FIBERHOME,SSCA1X2131030/7002.4X251M,8,13,,,,,,,,,,,
S0024,AREA B,SPLITTER,DIVISOR OPTICO 1X2131025/7502.4X251M,FIBERHOME,SSCA1X2131025/7502.4X251M,9,,,,,,,,,,,,
S0025,AREA B,SPLITTER,DIVISOR OPTICO 1X2 10/90 SIN CONECTORES,FIBERHOME,SSCA1X2131010/9002.4X251M,4,2,,,,,,,,,,,
S0026,AREA G,ENFRIADOR,ENFRIADOR DE ALMOHADILLA,ICE COREL,,1,EN EL AREA D,,,,,,,,,,,
S0027,AREA EX3,CAJON DE CONECCIÓN,"CAJON DE CONECCIÓN, ELECTRICO",N/A,CACO,1,,,,,,,,,,,,
S0028,AREA A,INTERFACE,"INTERFACE DE URGENCIA PARA PLANTA CON GENERADOR ELECTRICO, GABINETE EN LAMINA DE ACERO AL CRBON, PINTURA COLOR NEGRO, ADAPTABLE EN RACK 19""",EPCOM,PETRANSFER,1,,,,,,,,,,,,
S0029,AREA EX4,CAJA DE DISTRIBUCIÓN,"CAJA DE DISTRIBUCIÓN DE 144 HILOS, ",FIBERHOME,GJS2019,1,,,,,,,,,,,,
S0030,,RADIO ESTACION,RADIO ESTACION BASE AIRMAX AC GFN2 BAST,UBIQUITINETWORKS,RP5ACGEN2,0,,,,,,,,,,,,
S0031,,FLEJADOR,"FLEJADOR MANUAL, PARA FLEJE DE ACERO INOXIDABLE",TELENCO LATAM,WPZJ64253,2,,,,,,,,,,,,
S0032,AREA A ,ROUTEADOR,"TP-LINK, MODEM PARA RED INALAMBRICA, 300 MBPS WIRELES, ANTENA",TP-LINK,TLWR850N,2,5,,,,,,,,,,,
S0033,AREA B,CABLE,CABLE DE ATERRIZAJE RACK / VERDE-AMARILLO,,9493,2,,,,,,,,,,,,
S0034,AREA B,JUMPER,JUMPER 2 METROS PARA CONEXIÓN DIRECTA,UBIQUITINETWORKS,UDC2,2,,,,,,,,,,,,
S0035,AREA G,CINCHO,CINCHO PLASTICO DE 30 CM. ,,,10,,,,,,,,,,,,
S0036,AREA B,CABLE UTP,"CABLE UTP/ AMARILLO, UTP 4/126 CAT5E",OPTRONICS,,5,3,,,,,,,,,,,
S0037,AREA BAJ,CAJA NAP,CAJA NAP 24 FUSIONES,FIBERHOME, ,-94,HAY 36 AREA BAJA,,,,,,,,,,,
S0038,AREA EXT 2,JUMPER,"JUMPER OPTICAL PATCH CORD, SC/APC-SC/APC SM, 2.0MM-3M, CABLE AMARILLO/CONECTOR VERDE",VARIOS,JUP-SC-SC,738,TOTAL 805 (529+195+81 EN CAJAS DISTINTAS),,,,,,,,,,,
S0039,AREA B,JUMPER,"JUMPER OPT.F.O SC/UPC, SC/APC 2M, CABLE BLANCO, CONECTORAZUL/VERDE",VARIOS,ASC/USC,2,132+212 AREA EXT,,,,,,,,,,,
S0040,AREA A,DIVISOR,"DIVISOR 1:8 PLC SPLITTER, CABLE AMARILLO",HUAWEI,NA,1,7,,,,,,,,,,,
S0041,,SWITCH,"ROUTER MIKROTIK HP AC2, 5 PUERTOS GIGABIT ETHERNET, 1 PUERTO USB",MIKROTIK,RBD52G,1,Se coloca atrás del lugar del ing. Cesar,,,,,,,,,,,
S0042,,MICRO SPLITTER,MICRO SPLITTER PLC 1X2 SIN CONECTORES,FIBERHOME,PLC102S,0,9,,,,,,,,,,,
S0043,,CONECTOR,"CONECTOR DE FIBRA OPTICA, VERDE",S/M,S/M,-430,,,,,,,,,,,,
S0044,,ROUTEADOR,"TERMINAL DE RED ÓPTICA (ONT), ALIMENTACIÓN 12VCC/ 1-5A",ZYXEL,PMG5617-T20B,7,,,,,,,,,,,,
S0045,,ROUTEADOR,"MODEM PARA FIBRA OPTICA, ALIMENTACIÓN 12VCC/1A, ONT DUAL BAND 7962V1",PING COMUNICATION,7962V1,0,,,,,,,,,,,,
S0046,,ROUTEADOR,"ROUTER ECHOLIFE HG8145V5, GPON TERMINAL/ SC/APC, PN 5008471",HUAWEI,HG8145V5,-5,,,,,,,,,,,,
S0047,,ROUTEADOR,MODEM PARA INSTALACIONES QUE SE REALIZAN EN PAGOS 245H,HUAWEI,HG8145V5,-2,,,,,,,,,,,,
S0048,AREA C,ROUTEADOR,"ROUTER ECHOLIFE HG8245H, GPON TERMINAL SC/APC, CONSUMO DE ENERGIA S.1834 WH",HUAWEI,ECHOLIFE HG8245H,0,,,,,,,,,,,,
S0049,AREA A,ROUTEADOR,"ROUTER ECHOLIFE, HG8145V5, GPON TERMINAL  SC/APC, ALIMENTACIÓN 12 VcC; 2A,  (1P) P/N 50084771",HUAWEI,ECHOLIFE HG8145V5,-20,25,,,,,,,,,,,
S0050,AREA EX,SUJETADOR ,"SUJETADOR P/CORDON INT-EXT MARFIL, 100 PZS.",AMSA,1000673,650,16,,,,,,,,,,,
S0051,,SUJETADOR ,"SUJETADOR BLANCO STEREN 5404, 100 PZS",STEREN,200-960B,-285,300,,,,,,,,,,,
S0052,,SUJETADOR ,"SUJETADOR BLANCO GRANDE, 100 PZS.",S/N,SGB100,0,,,,,,,,,,,,
S0053,AREA EX,SUJETADOR ,"SUJETADOR BLANCO STEREN 5248, 50 PZS",STEREN,200-960B,-105,58 Y 800 EN EX,,,,,,,,,,,
S0054,AREA EX,SUJETADOR ,"SUJETADOR BLANCO STEREN 5426, 100 PZS",STEREN,300-952B,-369,13 EN AREA C EL RESTO EN EX,,,,,,,,,,,
S0055,,SUJETADOR ,"SUJETADOR BLANCO STEREN 5442, 50 PZS",STEREN,200-960B,0,,,,,,,,,,,,
S0056,,SUJETADOR ,"SUJETADOR BLANCO STEREN 5441, 100 PZS",STEREN,300-952B,0,,,,,,,,,,,,
S0057,,SUJETADOR ,"SUJETADOR BLANCO PEQUEÑO PARA FIBRA ÓPTICA, 100 PZS, GRAPA",S/M,SCB100,-2808,28,,,,,,,,,,,
S0058,,SUJETADOR ,"SUJETADOR NEGRO PEQUEÑO PARA FIBRA ÓPTICA, 100 PZS",S/M,SCN100,300,HAY 200 EN EL AREA B,,,,,,,,,,,
S0059,,SUJETADOR ,"SUJETADOR NEGRO GRANDE 5438, 100 PZS",STEREN,200-960N,0,,,,,,,,,,,,
S0060,AREA EX,CINCHO,"NYLON CLABE TIE / SIZE 3.6X150MM, 100 PZS",NYLON CABLE TIE,NCT36150,700,7,,,,,,,,,,,
S0061,AREA EX,CINCHO,"CINCHO DE NYLON 3.6X140MM, 100 PZS",CABLE TIE,CT36140,900,10,,,,,,,,,,,
S0062,AREA EX,CINCHO,"CINCHO SUJETABLE CORTO, NEGRO 150 MM, 100 PZS",STEREN,TY24NE,980,13,,,,,,,,,,,
S0063,,CINCHO,"CINCHO VELCRO SUEJTABLE 3/4X8 NEGRO, 10 PZS",AVANCEL,SKU16114,0,,,,,,,,,,,,
S0064,AREA B,CINCHO,"CINCHO SUJETABLES DE VELCRO NEGRO 1,2 CM DE ANCHO X 20 CM DE LARGO, 10 PZS",STEREN,400-150,26,27,,,,,,,,,,,
S0065,AREA D,ALCOHOL,ALCOHOL / ISOPROPILICO 98% PUREZA 500 ML,MEXFOSERV,FOS-ALCOHOL,27,22,,,,,,,,,,,
S0066,AREA EX3,PAÑOS,"PAÑOS / TOALLA PARA TAREAS DELICADAS, KIMWIPES, KIMTECH",KIMBERLY-CLARK,34155,6426,,,,,,,,,,,,
S0067,,SUJETADOR ,SUJETADOR NEGRO GRANDE 100 PZS,S/N,SGN100,100,,,,,,,,,,,,
S0068,,SUJETADOR ,"SUJETADOR NEGRO  PEQUEÑO PARA FIBRA ÓPTICA, 100 PZ",AMSA,1036183,100,,,,,,,,,,,,
S0069,,TELEFONO,"TELEFONO IP, EMPRESARIAL PARA 4 LINEAS, ENTRADA 50-60 HZ 0.04 A, 31.6 W",FANVIL,X3SP,0,,,,,,,,,,,,
S0070,AREA E,ROUTEADOR,"MODEM PARA FIBRA OPTICA, BLANCO",PING COMUNICATION,7969v1,6,Atrás del Ing. Cesar,,,,,,,,,,,
S0071,AREA B,PINZAS,"DESFORRADORA PARA CABLE TIPO DROP, VERDE",SBE TECH,SBE-DESFORDROPM,3,,,,,,,,,,,,
S0072,,PINZAS,"PINZA PELACABLES CON PROBADOR DE CABLE PARA UTP/STP, ENCHUFE",CRIMP-N-TEST,,0,,,,,,,,,,,,
S0073,AREA D,CONECTOR,"CONECTOR PREPULIDO SC/APC, COLOR VERDE",MEXFOSERV,S/M,72,116,,,,,,,,,,,
S0074,AREA A,LIMPIADOR DE FIBRA,"LIMPIADOR DE FIBRA OPTICA CS/ST/FC. 2.5 MM, 5C 5(APC-UPC)",ONE-CLICKCLEANER,,1,,,,,,,,,,,,
S0075,,CONVERTIDOR,"CONVERTIDO DE MEDIOS GIGABIT, FIBRA OPTICA CONVERTIDOR DE MEDIOS DE FIBRA OPTICA",NEL LINK,,0,,,,,,,,,,,,
S0076,AREA E,LIMPIADOR DE PANTALLAS,"LIMPIADOR DE PANTALLA/MICROFIBRA 50X30 CM, SOLUCIÓN LIMPIADORA 150",OFFICEDEPOT,SKU93052,1,,,,,,,,,,,,
S0077,AREA B,COPLE,"COPLE HDMI, COLOR NEGRO",STEREN,203-820,1,,,,,,,,,,,,
S0078,,PINZAS,"PELADORA PARA FIBRA ÓPTICA AF-003, MARILLO Y NEGRO",,,0,,,,,,,,,,,,
S0079,,CINTA LAMINADA,CINTA LAMINADA PAA USO EXTERIOR  E INTERIOR,BROTHER,TZE-231,10,,,,,,,,,,,,
S0080,AREA E,CASETTE DIVISOR OPTICO,SC/UPC 1:8 SPLITTER 45200293,HUAWEI,P-1008-P-A-SA-,1,,,,,,,,,,,,
S0081,,SPLITTER,"SPLITTER 1X8, SIN CONECTOR, TEST REPORT, DE PRIMER NIVEL, COLORES",CROSSOP+,G20C-108N,1,0,,,,,,,,,,,
S0082,AREA B,SPLITTER,"SPLITTER 1X8 SIN CONECTORES, COLORES",NA,NA,-1,5,,,,,,,,,,,
S0083,,PLC SPLITTER,"1X8 PLC SPLITTER, IN SPECTION REPORT, CON CONECTOR, PARA NAPS, CABLE BLANCO",ZTT,CB21050072,1,,,,,,,,,,,,
S0084,AREA H,SPLITTER,"1X8 PLC SPLITTER, DIVISOR ÓPTICO, 1X8 CONECTORES, COLORES",FIBERHOME,,-14,6,,,,,,,,,,,
S0085,,SPLITTER,"SPLITTER 1X8, TEST REPORT, CON CONECTOR",CROSSOP+,G15F-108A,5,1,,,,,,,,,,,
S0086,,ACOPLADOR,"ACOPLADOR VERDE, ADAPTADOR OPTIO",OPTICTIMES,SC/APC-SX,2950,23 EN EL AREA E,,,,,,,,,,,
S0087,AREA H,SPLITTER,"1X8 PLC SPLITTER, TEST SHEE, CONECTOR TIPO SC/APC, CON CONECTOR, CABLE BLANCO",YOFC,DIVISOR N2 1:8,19,,,,,,,,,,,,
S0088,,ROUTER,ROUTER DUAL CORE HEX 760,MIKROTIK,RB760iGS,2,Atrás del Ing. Cesar,,,,,,,,,,,
S0089,AREA E,GRAPA,"GRAPA PARA CABLE REDONDO 7-10 CALIBRE 12 COAXIAL, USO RUDO CLAVO 100 PZS",S/N,GR12,-60,45 EN EL  AREA D,,,,,,,,,,,
S0090,AREA E,LLAVES,"LLAVE 1/2""",CROMO VANADIO,VARIOS,1,,,,,,,,,,,,
S0091,AREA E,PINZAS,"PINZA MINI ELECTRICISTA 5"" 12.5 MM, AZUL CON NEGRO",TOOLS,Ep-25p,1,,,,,,,,,,,,
S0092,,ALICATE,PELA CABLE UNIVERSAL GRIS,,Ht-S51a,0,,,,,,,,,,,,
S0093,AREA E,TERMINAL,TERMINAL PARA DISTRIBUIR CORRIENTE,SAXXON,T8DCAC,1,,,,,,,,,,,,
S0094,AREA B,CABLE,"CABLE SATA PODER Y DATOS, COLOR ROJO",ESATA,S/N,4,,,,,,,,,,,,
S0095,,CINTA,CINTA VULCANIZADORA,S/N,CVN,433,,,,,,,,,,,,
S0096,,BROCHA,"BROCHA COLOR GUINDA 12""X50.8 MM",BROTIMEX,,0,,,,,,,,,,,,
S0097,AREA B,PINZAS,"DESFORRADORA DE FIBRA ÓPTICA DE PRECISIÓN PROGRIP 3 TIEMPOS, NARANJA Y NEGRA",PALADIN,PA1177,1,,,,,,,,,,,,
S0098,,DESARMADOR,"DESARMADOR 1/8""X4"" ROJO CON AMARILLO",TRUPER,S/N,2,,,,,,,,,,,,
S0099,,LLAVES,JUEGO DE 13 LLAVES ALLEN MILIMETRICAS,TRUPER,15542,0,,,,,,,,,,,,
S0100,AREA B,CONECTOR,SINGLE CHANNEL HD PASSIVE VIDEO BALUN,EPCOM TITANIUM,TT101FTURBO,4,HAY 7,,,,,,,,,,,
S0101,AREA D,CONECTOR,"CONECTOR CON CHAPA DE ORO A 30 MICRAS, PLUG MODULAR RJ-45 ",LINKEDPRO,TC5-100,-231,116,,,,,,,,,,,
S0102,,FIBER MODULO SFP,"SINGLE-MODE, 1G, BIDI",UBIQUITINETWORKS,UFSM1GS,0,,,,,,,,,,,,
S0103,AREA E,ADAPTADOR,"ADAPTADOR S-RJ01, SFPTORJ45, 1 G, ETHERNET",MIKROTIK,S-RJ01,-2,,,,,,,,,,,,
S0104,AREA A,PELADORA,"DESFORRADORA LONGITUDINAL DE FIBRA ÓPTICAL DROP TCD-CS, NARANJA",PALADIN,TCD-CS,1,,,,,,,,,,,,
S0105,,TELEFONO CELULAR,"TELEFEONO CELULAR COLOR AZUL, ZTE BLADES A5 64GB, INCLUYE: ADAPTADOR DE CORRIENTE CA/CC, BATERIA RECARGABLE(INTERNA), AUDIFONOS MANOS LIBRE, CABLE USB",ZTE,ZTEBLADE-A52020,0,,,,,,,,,,,,
S0106,,ADAPTADOR,ADAPTADOR FUENTE DE PODER SV,EPCOM POWER LINE,P5DC1A,1,,,,,,,,,,,,
S0107,AREA B,CABLE,"CABLE DE CONSOLA, PARA OLT, CABLE AZUL",CSA,P120108 226,1,,,,,,,,,,,,
S0108,AREA B,PELADOR,"PELADOR DE REVESTIMIENTO 3 EN 1, PARA DESFORRAR CUBIERTA DE PVC 144H, AMARILLO/NEGRO",MEXFOSERV,FTO-144H,3,,,,,,,,,,,,
S0109,,PELADOR ,"PELADOR DE REVESTIMIENTO 3 EN 1, PARA DESFORRAR CUBIERTA DE PVC 375",JONARDTOOLS,JIC-375,4,,,,,,,,,,,,
S0110,,CORTADORA,"ACCESS TOOL/ CORTADORA LONGITUDINAL PARA FIBRA, TUBE BUFFER MID.SPAN ",LIFETIME,AUA-05-LOOSE ,0,,,,,,,,,,,,
S0111,,ROUTER,"ROUTER RB, HEX SERIES",MIKROTIK,RB750GR3,1,Se coloca atrás del lugar del ing. Cesar,,,,,,,,,,,
S0112,,SWITCH,"CLOUD SWITCH SERIES, 5-PORTDESK CRS305-1G-45+IN, COLOR GRIS CON CARGADOR",MIKROTIK,CRS305IG45IN,5,Se coloca atrás del lugar del ing. Cesar,,,,,,,,,,,
S0113,AREA B,PELADORA,FIBEROPTICS STRIPPER,STRIPPER,CFS,3,,,,,,,,,,,,
S0114,AREA E,JUEGO DE DESARMADORES,"DESARMADOR 3/16""X4""/ 2X4"" / 2X16""X4 / 1X3"", 1/4"" X16",TRUPER,,3,,,,,,,,,,,,
S0115,AREA B,PINZA PONCHADORA,"PINZA PROFESIONAL PONCHADORA, PARA CONECTORES RJ45 DE 8 CONTACTOS",STEREN,HER-358,3,1 VERIFICAR SI SIRVE,,45175,,,,,,,,,
S0116,,SWITCH,CLOUD CORE SWITCH DE 6 PUERTOS SFP,MIKROTIK,CRS1061C5S,2,Se coloca atrás del lugar del ing. Cesar,,,,,,,,,,,
S0117,AREA P2,POE,"Adaptador PoE Ubiquiti de 24 VDC, 0.5 A, compatible con airGateway",UBIQUITINETWORKS,POE2412W,5,4,,,,,,,,,,,
S0118,,SPLITTER,SPLITTER G20C,CROSSOP+,G20C-108N,0,,,,,,,,,,,,
S0119,AREA EXT,TELEFONO,"TELEFOFNO FIJO, FUENTE DE ENERGIA 48V124V",PANASONIC,KX-TS500ME,2,1 EN AREA,,,,,,,,,,,
S0120,AREA EX1,CABLE DE UTP,"CARRETE DE CABLE UTP, 5E CABLE, 305 M, ANSI/ TIA-568-C2, U/UTP 350MHZ, LENGTH:1000 FI",OPTICTIMES,150/IEC11801,0,,,,,,,,,,,,
S0121,AREA EX1,CABLE DE UTP,"CARRETE DE CABLE UTP CAT 5E, BLANCO UNFORRO, 305 M./ 2.50BCX2X4 PVC",ROAN OPTICAL,UTP CABLE TX-624A 6039-2,0,1 EN EL EXT JUNTO A LAS CAJAS NARANJAS,,,,,,,,,,,
S0122,AREA EX1,CABLE DE UTP,"Cable tipo EKTEL de 2 pares, Categoría 2, calibre 24 AWG, en color gris, útil para transmisión de voz y datos a baja velocidad.",S/N,24AWG,1,,,,,,,,,,,,
S0123,AREA EX1,CABLE DE UTP,"CARRETE DE CABLE UTP, 1000FT, 305 M.",CROSSOP+,24AWGX4P,1,,,,,,,,,,,,
S0124,AREA EX1,FLEJE,"FLEJE DE ACERO COLOR AZUL, 30 M.",PANDUIT,ESW16T76-CR2,-1,,,,,,,,,,,,
S0125,AREA EX1,FLEJE,FLEJE DE ACERO,GT NETWORKS,,0,,,,,,,,,,,,
S0126,AREA EX1,FLEJE,"FLEJE DE ACERO INOXIDABLE 201 DE 5/8""X0.30"", 1RL 305 M",AVANCEL,413,0,,,,,,,,,,,,
S0127,AREA EX1,FLEJE,FLEJE DE ACERO INOXIDABLE ,AERIALGRIP,,2,,,,,,,,,,,,
S0128,AREA EX1,MANGUERA,MANGUERA NEGRA,,,48,,,,,,,,,,,,
S0129,AREA EX1,FLEJE,"FLEJE DE ACERO 5/8"", 16mmX30 m. / AZUL",GT NETWORKS,GNT-FA-3058,1,,,,,,,,,,,,
S0130,AREA EX2,TENSORES,CAJA DE TENSORES DE 50 PZS,TENSION CLAMP,JJ-FTC03,895,,,,,,,,,,,,
S0130,AREA EX4,TENSORES,CAJA DE TENSORES DE 50 PZS,TENSION CLAMP,JJ-FTC03,1500,,,,,,,,,,,,
S0131,AREA EX1,ANTENA,"ANTENA POWERBEAM AIRMAX, HASTA 150 MBPS",UBIQUITINETWORKS,PBEM5300,10,,,,,,,,,,,,
S0132,AREA EX2,CIERRE,"CIERRE LUCIERNAGA P/EMP CABLE DE FIBRA ÓPTICA FO  WPT, KIT",COMMSCOPE,FFD200LX-T,4,,,,,,,,,,,,
S0133,AREA EX2,FACEPLATE,FACEPLATE DOBLE BLANCO,PANDUIT,NK2FWHY,0,,,,,,,,,,,,
S0134,AREA EX2,FACEPLATE,FACEPLATE BLANCO NK1,PANDUIT,NK1FWHY,0,,,,,,,,,,,,
S0135,AREA EX2,FACEPLATE,FACEPLATE BLANCO LPF,LINKEDPRO,LPFP22,2,,,,,,,,,,,,
S0136,AREA D,FACEPLATE,FACEPLATE 1 PORT BLANCO,LINKEDPRO,LPFP21,2,,,,,,,,,,,,
S0137,AREA EX2,CHASIS,"CHASIS Y PLACA BLANCO, TCTE DUPLEX 2PTP",SIMON,25424,2,,,,,,,,,,,,
S0138,AREA EX2,FACEPLATE,FACEPLATE BLANCO 9L,OPTRONICS,9L84,4,,,,,,,,,,,,
S0139,AREA EX2,FACEPLATE,FACEPLATE BLANCO TP8,TRADEMASTER,TP8-W,1,,,,,,,,,,,,
S0140,AREA EX2,FACEPLATE,FACEPLATE BLANCO LPF/ PLACA PARA PARED DE 4 PUERTOS PARA JACK RJ45,LINKEDPRO,LPFP24,1,,,,,,,,,,,,
S0141,AREA EX2,TAPA CIEGA,TAPA CIEGA BLANCO 146,BTICINO,EDO5146,1,,,,,,,,,,,,
S0142,AREA EX2,PLACA CIEGA,PLACA DE PLASTICO CIEGA,VOLTECH,PPC-1B,0,,,,,,,,,,,,
S0143,AREA EX2,PLACA CIEGA,PLACA CIEGA BLANCO 256,SIMON,25600,0,,,,,,,,,,,,
S0144,AREA EX2,FACEPLATE,FACEPLATE 3 NEGRO,BTICINO,,2,,,,,,,,,,,,
S0145,AREA EX2,FACEPLATE,FACEPLATE NEGRO,BTICINO,,2,,,,,,,,,,,,
S0146,AREA EX2,TAQUETE,TAQUETE DE PLASTICO CAFÉ TEIMEX,TEIMEX,1000337,0,,,,,,,,,,,,
S0147,AREA EX3,TAQUETE,TAQUETE DE PLASTICO CAFÉ FIERO,FIERO,TAQ-5116P,0,,,,,,,,,,,,
S0148,AREA EX3,TAQUETE,"TAQUETE DE PLASTICO, COLOR GRIS DE 30 MM,  1/4""",TOOLCRAFT,TC2872,71,,,,,,,,,,,,
S0149,AREA EX2,TAQUETE,SELLOS PASAMUROS,TEIMEX,1044277,262,,,,,,,,,,,,
S0150,AREA EX3,MENSULAS,MENSULAS NEGRAS,,,0,,,,,,,,,,,,
S0151,AREA EX3,SOPORTE,SOPORTE LATERAL BLANCO,,,0,,,,,,,,,,,,
S0152,AREA EX3,TENSORES,TENSOR DE GANCHO PARA CORDON DE ACOMETIDA OPT 3mm,,,0,,,,,,,,,,,,
S0153,AREA EX3,TENSORES,TENSOR DE GANCHO PARA CORDON DE ACOMETIDA OPT 3mm 272,AMSA,1038272,135,,,,,,,,,,,,
S0154,AREA EX3,TENSORES,TENSOR DE GANCHO PARA CORDON DE ACOMETIDA OPT 3mm 425,AMSA,1000425,1500,,,,,,,,,,,,
S0155,AREA EX3,ARGOLLA,"ARGOLLA PARA CORDON DE ACOMETIDA, PARA ANTENA , ARMELLA",ALSAN,,290,1663,,,,,,,,,,,
S0156,AREA EX4,SOPLADORA,SOPLADORA COLOR VERDE CON NEGRO,MAKITA,PA6-GF30,1,,,,,,,,,,,,
S0157,AREA EX3,GARROCHA,GARROCHA SENCILLA AZUL,,,0,,,,,,,,,,,,
S0158,AREA EXT,SALCHICHA,SALCHICHA / CIERRE CONEX BAJANTE OPTICA ACOP OPTISC-SC,CORMAC,1035043,40,,,,,,,,,,,,
S0159,AREA EX3,VALVULA,VALVULA DE ALTA PRESION ,TRUPER,,0,,,,,,,,,,,,
S0160,AREA EX3,ESCUADRA,ESCUADRA MAGNETICA,TRUPER,,0,,,,,,,,,,,,
S0161,AREA EX3,RODILLO,RODILLO PARA PINTAR,,,1,,,,,,,,,,,,
S0162,AREA EX3,DISCO DE CORTE,"DISCO DE CORTE 350X3X25, 40 mm 14X1/8X1",AUSTROMEX,A30PBF-HUM,1,,,,,,,,,,,,
S0163,AREA EX4,MALETIN CON BROCAS,"MALETIN CON BROCAS DE: 1/2X6 TRUPER, 5116 HILTI, 1"" MAKITA, 3/8 BOSCH, 5/16 MAKITA, PUNTA SINCEL, TAQUETES EXPANSIVOS 2 PES",,,-1,HAY 1 EN AREA Ex3,,,,,,,,,,,
S0164,AREA EX3,CARTUCHO DE GAS,CARTUCHO DE GAS BUTANO/ PROPANO,LINMEX,,0,,,,,,,,,,,,
S0165,AREA EX3,CIERRE,CIERRE DE EMPALME DE FIBRA ÓPTICA DE 96,YOFC,GJS-6020-96,1,,,,,,,,,,,,
S0166,AREA EX4,RELIABLE,REALIABLE,,,0,,,,,,,,,,,,
S0167,AREA EX4,TORTUGAS,MALICON TORTUGAS,,,650,,,,,,,,,,,,
S0168,AREA EX4,NEOPRENO,"NEOPRENO AISLANTE DE 1/4, 10 MTS",INCOM,NPS51L4,0,,,,,,,,,,,,
S0169,AREA EX3,PISTOLA,PISTOLA CALAFATEADORA,TRUPER,,1,,,,,,,,,,,,
S0170,AREA EX4,ESTANCA,ESTANCA CON CONOS CIERRE A,GEWISS,GW44004,0,,,,,,,,,,,,
S0171,AREA EX4,INTERRUPTOR,INTERRUPTOR SENCILLO 125V-10A,VOLTECK,,0,,,,,,,,,,,,
S0172,AREA EX4,INTERRUPTOR,INTERRUPTOR BLANCO,,,0,,,,,,,,,,,,
S0173,AREA EX4,PREFORMADO,PREFORMADO AZUL/MORADO LARGO 8X25,,,-53,,,,,,,,,,,,
S0174,AREA EX4,PREFORMADO,PREFORMADO NARANJA CORTO,,,11,,,,,,,,,,,,
S0175,AREA EX4,BRAZO,BRAZO 60X90,,,-1,,,,,,,,,,,,
S0176,AREA EX4,TENSORES,SUJETADOR DE CABLEADO,OPTICTIMES,JJ-FTC03,0,,,,,,,,,,,,
S0177,AREA EX4,ROSETAS,ROSETAS TELEFONICAS DE 1 Y 2 PUERTOS,,,0,,,,,,,,,,,,
S0178,AREA EX4,ABRAZADERAS,ABRAZADERAS,,,0,,,,,,,,,,,,
S0179,AREA EX4,CONECTOR,CONECTOR RANURA PARALELA,,,0,,,,,,,,,,,,
S0180,AREA EX4,SILLAS,"SILLAS DE PLASTICO, CREMA",LIFETIME,,8,,,,,,,,,,,,
S0181,AREA F,OPTICA TERMINAL BOX,"CAJA DE METAL, GRIS TERMINAL DE OPTICA",TELMEX,12-OBT161X8T,4,,,,,,,,,,,,
S0182,AREA F,ROUTER,300 MBPS WIRELES N GIGABIT VOLP,TP-LINK,XN020-63v,2,,,,,,,,,,,,
S0183,AREA F,SOPORTE PARA PANTALLA,LED/LCD-PLASMA WALL MOUNT,ELE-GATE,HOLD32,1,,,,,,,,,,,,
S0184,AREA F,CARGADOR,CARGADOR,HUAWEI,HW120200V1W,0,,,,,,,,,,,,
S0185,AREA EX3,LENTES,"LENTES DE SEGURIDAD, MICA POLICARBONATO, NEGRO",PRETUL,LEN-SN-P,1,,,,,,,,,,,,
S0186,AREA B,PROTECTOR,PROTECTOR SOLAR PARA CASCO AMARILLO,TRUPER,PROCA-V,2,1 EN AREA B EL RESTO EN EX3,,,,,,,,,,,
S0187,AREA EX3,GUANTES,GUANTES NYLON RECUBIERTOS DE POLIURETANO MEDIANO,TRUPER,GU-112,1,,,,,,,,,,,,
S0188,AREA D,ADAPTADOR,ADAPTADOR,EMPRETOL,EM-FP12V5OA,1,,,,,,,,,,,,
S0189,AREA B,LAMPARA,MULTI-FUNCTION INDUCTION-HEAD LAMP,HEADLAMP,W689,1,,,,,,,,,,,,
S0190,,ROSETA,ROSETA OVALADA CON ADAPTADOR,,,-303,,,,,,,,,,,,
S0191,AREA BAJ,ROSETA,ROSETA OVALADA SIN ADAPTADOR,,,20,HAY UNA CAJA COMPLETA AREA BAJO CON 305 PZ,,,,,,,,,,,
S0192,AREA EX1,CONECTOR,CONECTOR FIBRA ÓPTICA,,,499,,,,,,,,,,,,
S0193,AREA EX3,JUMPER / PIGTAILS,JUMPER MIKROTIK (FLEX-GUIDE) DE 50 CM U,MIKROTIK,ACRPSMA,1,,,,,,,,,,,,
S0194,AREA EX3,CAJA DE FIBRA,CAJA DE FIBRA P/24 EMP C/16 AC PL SC/APC LIGHT,FIBERHOME,FDP420E16,1,,,,,,,,,,,,
S0195,AREA EX2,CIERRE,CIERRE DE EMPALME FOSC 350 C/1 CHAROLA,COMMSCOPE,1034325,2,1,,,,,,,,,,,
S0196,AREA EX4,CIERRE,CIERRE DE EMPALME 96,,1028772,0,,,,,,,,,,,,
S0197,AREA EX4,CORTADORA,CORTADORA METAL AMARILLO,,,1,,,,,,,,,,,,
S0198,AREA EX4,TALADRO,TALADRO PERCUTOR / DESTORNILLADOR 10 MM / ROJO,MILWAUKEE,2408-20,-2,,,,,,,,,,,,
S0199,AREA EX4,ROTOMARTILLO,"ROTOMARTILLO, VERDE OBSCURO",MAKITA,HR24,1,,,,,,,,,,,,
S0200,AREA F,ADAPTADOR,ADAPTADOR DE PODER NB5,SAGEMCOM,NB518E120150VV,0,,,,,,,,,,,,
S0201,AREA F,ADAPTADOR,ADAPTADOR DE PODER AM52,AMIGO,AM52000-1201500FU,0,,,,,,,,,,,,
S0202,AREA F,ADAPTADOR,ADAPTADOR DE PODER PA158,,PA158Y-12120-U5,0,,,,,,,,,,,,
S0203,AREA F,ADAPTADOR,ADAPTADOR DE PODER DSA,DVE,DSA-30W-12Y8,0,,,,,,,,,,,,
S0204,AREA F,ADAPTADOR,ADAPTADOR DE PODER TVN08,,TVNO83012,0,,,,,,,,,,,,
S0205,AREA F,SELLADOR,SELLADOR ACRILICO BLANCO,ACRILASTIC,SEBLAACR,1,,,,,,,,,,,,
S0206,AREA F,SELLADOR,SELLADOR DE POLURETANO,DURETAN,SEBLADU,0,,,,,,,,,,,,
S0207,AREA F,ROLLO,ROLLO DE RAFIA BLANCO,,RABLA,-1,,,,,,,,,,,,
S0208,AREA F,CINTA DE ADVERTENCIA,CINTA DE ADVERTENCIA NARANJA,,CIAD,1,,,,,,,,,,,,
S0209,,MALETIN DE FPM-300/FLS-300/FOT-300,"CONTIENE: MEDIDOR DE POTENCIA FPM-300, ADAPTADOR DE FUENTE DE PODER, ADAPTADOR EA1012BVRS-090, CORREA",EXFO,,0,,,,,,,,,,,,
S0210,,MALETIN NEGRO,"CONTINE: MEDIDOR DE PÉRDIDA ÓPTICA FOT-300, MEDIDOR DE POTENCIA EPM-50, ADAPTADOR DE PODER HA48UF-0910",IPC TESTER,,0,,,,,,,,,,,,
S0211,,POLLO,KIT DE HERRAMIENTAS DE RED RJ11,,,0,,,,,,,,,,,,
S0212,,MOCHILA,"MOCHILA ROJO CON NEGRO, 21X11.5X3.4 CM, CONTIENE : 1 ALICATE AZUL, 1 FIBERBASI EXFO, 1 PELADOR, CABLE STRIPPER, CUTTER-GRIS, 1 PINZAS DE 3 NIVELES PARA FIBRA ÓPTICA, AMARILLO",HONY,,1,Luis se llevo la mochila y las cosas se ingresaron al area E,,,,,,,,,,,
S0213,AREA P1,ROUTER,"MODEM INALAMBRICO, NEGRO",TELMEX,ATW-622G,12,,,,,,,,,,,,
S0214,AREA P1,CHAROLA DE EMPALME,CHAROLA DE EMPALME,COMMSCOPE,1028663,4,,,,,,,,,,,,
S0215,AREA P2,GRAPA SUJETADOR,GRAPA DE POLIPROPILENO PARA CABLE REDONDO,THORSMAN,TC3-5RC 3/4,9550,9700,,,,,,,,,,,
S0216,,CINCHO,"CINCHO DE ACERO INOXIDABLE 200 MM / 4,6 MM",THORSMAN,1036713,312,98,,,,,,,,,,,
S0217,,CINTURON DE PLASTICO,CINTURON PLASTICO BLANCO 200MM,,,0,,,,,,,,,,,,
S0218,,CINTURON DE NYLON,CINTURON DE NYLON NEGRO MEDIANO 193 MM,CORMAC,1000713,-70,,,,,,,,,,,,
S0219,AREA G,CINTURON DE ACERO INOXIDABLE,"CINTURON DE ACERO 300MM/ 4,6 MM",THORSMAN,1036714,0,,,,,,,,,,,,
S0220,,SPLITTER,"Splitter (Divisor Óptico) tipo PLC, de 1x2, balanceado (50/50) para fusión (sin conectores)",FIBERHOME,PLC102S,6,,,,,,,,,,,,
S0221,AREA H,SPLITTER,"PLC SPLITTER 1X16, VERDE / CABLE BLANCO",TELNET,300060407,8,12,,,,,,,,,,,
S0222,,SPLITTER,DIVISOR ÓPTICO DESBALANCEADO 25/75 ,FIBERHOME,SSCA1X2131025/7502.4X251M,0,,,,,,,,,,,,
S0223,AREA B,SPLITTER,DIVISOR ÓPTICO 15/85 SIN CONECTORES,FIBERHOME,SSCA1X2131015/8502.4X251M,-2,5,,,,,,,,,,,
S0224,,CABLE DISCO DURO,SUPERECABLE 30474-12 CABLE DE EXTENCIÓN DE ALIMENACIÓN DE DATOS 22 PIN,SUPERECABLE,,0,,,,,,,,,,,,
S0225,,CINTA DE AISLAR,CINTA AISLANTE DE PVC PARA USO INDUSTRIAL NEGRO,SIGTRONIC S-TAPE+,,0,,,,,,,,,,,,
S0226,,CINTA DE AISLAR,"CINTA AISLANTE DE 18 M. ANCHO 19 MM, NEGRO",SAANELEC-ITTO,7501942357083,0,,,,,,,,,,,,
S0227,,CINTA DE AISLAR,CINTA AISLANTE DE VINIL 18 MM X 18 M NEGRO,YEILITE,92-8288,0,,,,,,,,,,,,
S0228,AREA B,CINTA DE AISLAR,"CINTA DE AISLAR, AISLANTE ELECTRICO, PVC 19MMX18M",TRUPER,M-33,-2,5,,,,,,,,,,,
S0229,,CABLE,CABLE PARA AUDIO DE CAMARA,,,0,,,,,,,,,,,,
S0230,,CABLE,CABLE DE ATERRIZAJE PARA CIERRE DE EMPALME,,,0,,,,,,,,,,,,
S0231,,HEBILLA,"HEBILLA PARA FLEJE 15.8 MM 5/8""",OPTRONICS,OPHAHEBAI58,0,,,,,,,,,,,,
S0232,,ROSETA,ROSETA TELEFONO PARA F.O. CON ACOPLADOR,TELMEX,1034495,139,,,,,,,,,,,,
S0233,AREA D,CAJA DE HERRAMIENTAS,"CAJA DE HERRAMIENTAS VERDE, CONTIENE 23 DESTORNILLADORES, 1 PINZAS CON LUPA, Y 1 LLAVE",,,1,,,,,,,,,,,,
S0234,AREA G,HEBILLA,HEBILLA PARA FLEJES,PANDUIT,ESBE16-C2,49,,,,,,,,,,,,
S0235,,SPLITTER,DIVISOR DE FIBRA FUNDIDA,OPTICTIMES,FBT01-2-90/10,0,,,,,,,,,,,,
S0236,,SPLITTER,SPLITTER 30/70,,SPL3070,0,,,,,,,,,,,,
S0237,,ROUTERBOARD,"CLOUD SWITCH SERIES, 5-PORTDESK CRS305-1G-45+IN",MIKROTIK,X0025U1UE9,0,,,,,,,,,,,,
S0238,AREA D,CINTA DE AISLAR,"CINTA AISLANTE DE VINIL, USO DOMESTICO / RESIDENCIAL, 1600, 18.4 mm X 18M, CINTA DE AISLAR",TEMFLEX,3M,61,55,,,,,,,,,,,
S0239,AREA P2,SUJETADOR ,GRAPA- SUJETADOR DE POLIPROPILENO PARA CABLE PLANO,THORSMAN,TC5X8,100,,,,,,,,,,,,
S0240,AREA H,FUSIONADORA,"ESTUCHE CON FUSIONADORA DE FIBRA OPTICA, NARANJA, MARCA SUMITOMO, MODELO TYPE-Q102-M12 / CARGADOR DE FUSIONADORA / PELADORA TERMICA PARA DESMOLDEO, GRIS, MARCA FUJIKURA, MODELO RS03 / FIBER CLEAVER, MARCA FTTx, MODELO S09 / 2 CABEZALES DE 8 / 2 CABEZALES DE 12 / CORTADORA DE 3 TIEMPOS MARCA FIS, MODELO F11301T",,,0,,,,,,,,,,,,
S0241,,SPLITTER,"SPLITTER SIN CONECTORES, DIVISOR OPTICO 1X2 20/80",FIBERHOME,SSCA1X22131020X8002.4X251M,0,,,,,,,,,,,,
S0242,,SPLITTER,"SPLITTER 1X8 PLC, COLOR AMARILLO, CONECTOR VERDE",,,0,,,,,,,,,,,,
S0243,AREA H,SPLITTER,"PLC SPLITTER 1X16, VERDE- CABLE BLANCO",YOFC,300060407,13,,,,,,,,,,,,
S0244,AREA A,LIMPIADOR,"Limpiador 9392 del conector fibra óptica,Conec IBC para las virolas de 8.2 ft m (FC, SC, ST y E2000), COLOR AZUL",BIC,9392,1,,,,,,,,,,,,
S0245,,PONCHADORA,"HERRAMIENTA DE IMPACTO C/NAVAJA 110, AZUL CON NARANJA, REMATADORA",IDEAL,35-485,1,,,,,,,,,,,,
S0246,AREA A,PONCHADORA,"HERRAMIENTA DE IMPACTO NAVAJA G110 MULTIPOSICION /V/ /V, GRIS CON AMARILLO, REMATADORA",SAXXON,G110,1,,,,,,,,,,,,
S0247,AREA D,PELADORA,"PELADOR OPTICO DE FIBRA DE 3, AMARILLO",MILLER,FO-103-T-250-J,3,2,,,,,,,,,,,
S0248,AREA EX1,ANTENA,"LiteBeam airMAX M5 CPE hasta 100 Mbps, 5 GHz (5150 - 5875 MHz) con antena integrada de 23 dBi",UBIQUITINETWORKS,LBEM523,-9,,,,,,,,,,,,
S0250,AREA EX1,CABLE DE UTP,"CARRETE DE CABLE UTP, 4 PARES 24 AWG, 305 MTS",,,0,,,,,,,,,,,,
S0251,AREA EX3,SALCHICHA,CIERRE CONEX BAJAN OPTI C/ACOP SC-SC,FUSION GUARD,1035043,9,,,,,,,,,,,,
S0252,AREA EX2,TENSOR,TENSOR LOOP CROSS OPT,CROSSOP+,12-DDC-TL,5013,1200+600+300,,,,,,,,,,,
S0253,AREA EX3,GRAPA,"GRAPA PARA CABLE, CABLE STAPLE. REDONDOO, BLANCO 5MM, DE POLIETILENO",VOLTECK,GCU-5B,40,,,,,,,,,,,,
S0254,AREA D,LIQUIDO PARA CABEZALES,"LIQUIDO PARA LIMPIEZA DE CABEZALES DE IMPRESORA, COMPATIBLE CON TINTAS COMESTIBLES",DOT INKJET,1984,1,,,,,,,,,,,,
S0255,AREA D,TINTA PARA IMPRESORA,"TINTA PREMIUM PARA IMPRESORA, BROTHER, CANON, EPSON, HP. 500 ML. COLOR NEGRO",XFUN TECHNOLOGY,TINEG,1,,,,,,,,,,,,
S0256,AREA D,TINTA PARA IMPRESORA,"TINTA PREMIUM PARA IMPRESORA, BROTHER, CANON, EPSON, HP. 500 ML. COLOR MAGENTA",XFUN TECHNOLOGY,TINMAG,1,,,,,,,,,,,,
S0257,AREA G,TINTA PARA IMPRESORA,"TINTA PREMIUM PARA IMPRESORA, BROTHER, CANON, EPSON, HP. 500 ML. COLOR AMARILLO",XFUN TECHNOLOGY,TINAM,0,,,,,,,,,,,,
S0258,AREA D,TINTA PARA IMPRESORA,"TINTA PREMIUM PARA IMPRESORA, BROTHER, CANON, EPSON, HP. 500 ML. COLOR CIAN",XFUN TECHNOLOGY,TINCI,1,,,,,,,,,,,,
S0259,AREA H,SPLITTER,DIVISOR OPTICO 13/14/15-TWC-1X2-40/60,SIN MARCA,TWC-1X2-40/60,18,2,,,,,,,,,,,
S0260,,TIJERAS,"TIJERA PARA KEVLAR USO MECANICO, ACERO Y PLÁSTICO",MILLER / RIPLEY,KS-1 SHEARS 80671,0,,,,,,,,,,,,
S0261,AREA EX5,CARRETE DE FIBRA ÓPTICA,"CARRETE DE FIBRA ÓPTICA DE 2 KM, VARIAS MARCAS",VARIAS,NA,116,HAY 56 CARRETES EN AREA EX,,,,,,,,,,,1240
S0262,,TOMACORRIENTE,"TOMACORRIENTE MULTIPLE HORIZONTAL, PARA RACK 19"", 10 CONTACTOS. NEGRO",LINKEDPRO,HTCM1U10C,0,,,,,,,,,,,,
S0263,AREA B,CABLE,"CABLE CAT 6 UTP RJ45 TO RJ45 PATCH CORD CAT 6/CLASS E, AZUL",PANDUIT,NK6PC7BUY,6,,,,,,,,,,,,
S0264,AREA B,CABLE,"CABLE UTP RJ45 - CAT 5E, NEGRO DE 90 CM.",---,E315882,6,,,,,,,,,,,,
S0265,AREA P3,ORGANIZADOR,"ORGANIZADOR ORIZONTAL DE CABLES PARA RACK DE 19"" DE 2 UNIDADES, NEGRO SEMI-MATE",LINKEDPRO,LPCM042U,2,1,,,,,,,,,,,
S0266,,SWITCH,"CLOUD ROUTER SWITCH SERIE 5, BLANCO 8 PUERTOS",MIKROTIK,CRS1128G45IN,0,,,,,,,,,,,,
S0267,AREA A,CONECTOR,"CONECTOR PREPULIDO SC/APC DE 3MM, VERDE",GT NETWORKS,GT-202112,1000,,,,,,,,,,,,
S0268,AREA E,CORTADORA,"CORTADORA DE FIBRA OPTICA, DORADA",VAWA,FC-30,1,,,,,,,,,,,,
S0269,AREA E,CORTADORA,"CORTADORA DE FIBRA OPTICA, NEGRA",FIBER CLEAVER,,1,,,,,,,,,,,,
S0270,AREA B,DESFORRADORA,"DESFORRADORA USO MECANICO, METAL, PLASTICO 14.7X3.5X4",MILLER / RIPLEY,MK02,1,,,,,,,,,,,,
S0271,,CONECTOR,"CONECTOR PREPILIDO SC/APC 250UM, VERDE",ROAN OPTICAL,L5504,85,,,,,,,,,,,,
S0272,AREA P2,DIVISOR OPTICO,"SPLITTER, DIVISOR OPTICO 1X4 SIN CONECTORES, COLORES",FIBERHOME,PLC104S,19,11,,,,,,,,,,,
S0273,AREA H,KIT EXTENSOR KVM,KIT EXTENSOR HDMI 1080 KVM SOBRE cat5 /5e/6 A 120M,EPCOM TITANIUM,TT373KVM-4.0,0,,,,,,,,,,,,
S0274,AREA D,CALIBRADOR,"CALIBRADOR MILIMETRICO ESTANDAR, ACERO INOXIDABLE, ESTUCHE Y PILA",TRUPER,CALDI-6MP,1,,,,,,,,,,,,
S0275,,MARTILLO,MARTILLO MANGO DE MADERA Y CABEZA DE ACERO INOXIDABLE,TRUPER,MA-16 752,1,,,,,,,,,,,,
S0276,,DESARMADOR,"DESARMADOR MANGO DE ACETATO. ALTA RESISTENCIA A IMPACTOS Y SOLVENTES 6"" / 1 1/4"", PLANO",TRUPER,DR-1/4X6,2,1,,,,,,,,,,,
S0277,AREA B,DESARMADOR,"DESARMADOR MANGO DE ACETATO. ALTA RESISTENCIA A IMPACTOS Y SOLVENTES 6"" / 2, PHILLIPS",TRUPER,DP-1/4X6,1,,,,,,,,,,,,
S0278,AREA B,BROCA,BROCA CON PUNTA DE CARBURO PARA TALADRO MARTILLO DE 3/8 10 MM,MAKITA,D-24418,1,,,,,,,,,,,,
S0279,AREA B,TALADRO,"DREMEL 3000, GRIS Y NEGRO",DREMEL,DREMEL-3000,1,,,,,,,,,,,,
S0280,AREA B,CABLE,"CABLE DE AUDIO Y VIDEO, 5VCC, NEGRO DISPLAY PORT TO VGA",N/A,S629994348,5,6,,,,,,,,,,,
S0281,,POLLO,POLLO SIN LAPIZ 77 M THE TRACER,TEMPO,,1,,,,,,,,,,,,
S0282,AREA A,COJIN,"COJIN PARA SELLOS, GRIS Y SELLO",,,1,"SOLO QUEDA EL SELLO, EL COJIN SE LO LLEVA EL ING. CESAR",,,,,,,,,,,
S0283,AREA E,DISCO DURO,DISCO DURO SOLIDO SSD SA/ADAPTADOR P2240 GB SUB30,ADATA,DJHD63483,1,,,,,,,,,,,,
S0284,AREA A,CARGADOR,"CARGADOR PARA PILAS, GRIS",MASTER,CL-40,2,,,,,,,,,,,,
S0285,AREA OFICINA,RADIO,RADIOS NEGROS,KENWOOD,,3,Se coloca atrás del lugar del ing. Cesar,,,,,,,,,,,
S0286,AREA D,ATENUADOR,"ATENUADOR DE FIBRA ÓPTICA PLASTIC, LC/UPC, OS29/125/5DB, PARES",,CG2110229053-NC,20,18,,,,,,,,,,,
S0287,AREA E,ATENUADOR,"ATENUADOR DE FIBRA ÓPTICA PLASTIC, LC/UPC, OS29/125/3BD, PARES",,CG2109230174-NC,4,,,,,,,,,,,,
S0288,AREA OFICINA,ADAPTADOR,"ADAPTADOR PARA ENLACES- VARIAS MARCAS, PIEZAS",VARIAS,VARIOS,8,SE INGRESA NUEVAMENTE CON NUEVAS CLAVES,,,,,,,,,,,
S0289,AREA E,PINCELES,PINCELES VARIOS TAMAÑOS,,,4,,,,,,,,,,,,
S0290,,PONCHADORA,PONCHADORA R-J45 AMARILLA,,,0,,,,,,,,,,,,
S0291,AREA B,BROCA,"BROCA CON PUNTA DE CARBURO 1/4"", PARA TALADRO MARTILLO",MAKITA,D-24365,3,,,,,,,,,,,,
S0292,AREA B,BROCA,"BROCA CON PUNTO DE CARBURO 5/16"", PARA TALADRO MARTILLO",MAKITA,D-24387,0,,,,,,,,,,,,
S0293,AREA D,PINZAS,"PINZA PELADORA DE 3 PASOS, AMARILLA",CHINA,N,1,,,,,,,,,,,,
S0294,,MODULOS,"MODULOS SFP-10G, 10GSFP+1270/1330 MM 10 KM, PARES",FS,BDLR,2,,,,,,,,,,,,
S0295,,MODULOS,"MODULO SFP-10G-BX 10ESFP-1270, 1330NM 20KM, PARES",FS,LR,1,,,,,,,,,,,,
S0296,,MODULOS,"MODULOS SFP-10G-8X40-1330,1270 40 KM, PARES",FS,BDER,1,,,,,,,,,,,,
S0297,AREA OFICINA,MODULOS,MODULO GPON-OLT-CLASS C++ 38JO-6537E-,HUAWEI,OSG002008,20,16,,,,,,,,,,,
S0298,AREA OFICINA,MODULOS,MODULO GPON-OLT-CLASS C+,HUAWEI,,150,C+ 51 PZ Y C++ 36 PZ,,,,,,,,,,,
S0299,,MODULOS,"MODULOS  10G-1550NM, 40KM, 5 M, SFP+",HUAWEI,MTRS-1560-01,0,,,,,,,,,,,,
S0300,AREA E,CONECTOR JACK,"Conector Jack Estilo 110 (de Impacto), Tipo Keystone, Categoría 5e, de 8 posiciones y 8 cables, Color Rojo",PANDUIT,NKP5E88MRD,2,,,,,,,,,,,,
S0301,AREA E,CONECTOR JACK,"Conector Jack Estilo 110 (de Impacto), Tipo Keystone, Categoría 5e, de 8 posiciones y 8 cables, Color Azul",PANDUIT,NKP5E88MBU,11,HAY 3 EN AREA EX2,,,,,,,,,,,
S0302,AREA E,CONECTOR JACK,"Conector Jack Estilo 110 (de Impacto), Tipo Keystone, Categoría 6, de 8 posiciones y 8 cables, Color Blanco",PANDUIT,NK688MWH,1,,,,,,,,,,,,
S0303,,CINCHO,CINCHO DE PLASTICO BLANCO 8 CM,N/A,N/A,-65,,,,,,,,,,,,
S0304,AREA E,ETIQUETADORA,ETIQUETADORA BLANCA,BROTHER,PT-D400,1,,,,,,,,,,,,
S0305,AREA B,CABLE,"CABLE CAT 5E UTP RJ45 TO RJ45 PATCH CORA CAT 5E, CLASS 5D, T568A, ROJO",PANDUIT,NK5EPC3RDY,1,,,,,,,,,,,,
S0306,AREA P3,CHAROLA,"CHAROLA PARA SOPORTAR EQUIPOS EN RACK 19"" DE USO MULTIPLE, 1 UNIDAD",LINKEDPRO,SCH19X1U,3,,,,,,,,,,,,
S0307,,KIT DE FIBRA,"KIT DE FIBRA ÓPTICA, CORTADORA, MEDIDOR",EXFO,FOT-300,1,Atrás del Ing. Cesar,,,,,,,,,,,
S0308,AREA B,ADAPTADOR,Adaptador Macho Tipo Jack de 3.5 mm Polarizado de 12 Vcc / Terminales Tipo Tornillo / Polarizado (+/-) / Ideal para Cámaras de Video Vigilancia.,EPCOM POWERLINE,JR-52,29,18,,,,,,,,,,,
S0309,AREA H,FUSIONADORA,"kit de fusion estuche verde, fusionadora de fibra optica, roja, marca IOTHING, modelo IOT-68 / cortadora, maraca Eloik, modelo ALK-66A / cortadora fibra plana, verde / pinzas, negras / cargador de fusionadora",IOTHING,,1,,,,,,,,,,,,
S0310,AREA H,LAMPARAS,"LAMPARAS LED, VERDE",LUCECO,ELSWT22GBG3-MX2,1,,,,,,,,,,,,
S0311,AREA EX1,PERTIGA,"PERTIGA DE 5 SECCIONES, AMARILLA",,,1,,,,,,,,,,,,
S0312,AREA EX2,TENSOR,"TENSOR AISLADOR CON TAQUETE, NEGRO, BOLSAS DE 25 PZS",AMSA,1000677,400,,,,,,,,,,,,
S0313,AREA EX1,ROSETA,"ROSETA PARA FIBRA OPTICA FTTH TELMEX, BLANCA 3M",FTTH TELMEX,1034445,139,,,,,,,,,,,,
S0314,AREA EX1,CABLE,"CABLE RJ45, GRIS PARA INSTALACIONES, PATCH GRIS/AMARILLO",,PATCH,325,,,,,,,,,,,,
S0315,AREA EX1,CAJA FAT,"CAJA FAT, PARA INSTALACIONES EN LA PARED, GRIS",YOFC,,5,,,,,,,,,,,,
S0316,AREA EX1,FACEPLATE,"NETKEY2 POSITION FACEPLATE C, COMPATIBLE WITH NETKEY NETWORK, COMPONENTS SOLUTION",PANDUIT,NK2FIWY-3V,3,,,,,,,,,,,,
S0317,AREA EX1,PLACA,"PLACA 3 MODULOS CON RECEPTACULO DUPLEX, BLANCO",EATON,100-6288WP,1,,,,,,,,,,,,
S0318,AREA EX1,INTERRUPTOR,INTERRUPTOR SENCILLO ITALIANA 125V-10A,VOLTECK,APSE-1,1,,,,,,,,,,,,
S0319,AREA EX1,CONTACTO,CONTACTO POLARIZADO Y ATERRIZADO ITALIANA-127V,VOLTECK,COA-1,1,,,,,,,,,,,,
S0320,AREA EX1,INTERRUPTOR,INTERRUPTOR BLANCO,,,12,,,,,,,,,,,,
S0321,AREA EX4,ROSETA,ROSETAS,N/A,N/A,1590,,,,,,,,,,,,
S0322,AREA EX1,HERRAJES,HERRAJE TIPO D,,,-810,Hay 543 en el area abajo,,,,,,,,,,,
S0323,AREA A,WIRE TRACKER,"DETECTOR DE TRAFICO, AZUL",RECEIVER,,1,,,,,,,,,,,,
S0324,AREA A,TEMPORIZADOR,TEMPORIZADOR BLANCO,STEREN,326,1,,,,,,,,,,,,
S0325,AREA P3,DISTRIBUIDOR  DE ENERGIA,UNIDAD DE DISTRIBUCION DE ENERGIA,LINKEDPRO,LPPDU14C125V,1,,,,,,,,,,,,
S0326,AREA EX 3,BATERIA DE CARGA AUTOMATICA,"Cargador de Baterías de Plomo Ácido 12 Volts, 15 A con Función de Respaldo de Energía en CD",SAMLEX,SEC1215UL,3,Hay 4 mas la parte de abajo,,,,,,,,,,,
S0327,AREA H,CORNETA,"ANTENA SECTORIAL SIMETRICA, STARTERHORN 30° USMA",RFELEMENTS,STH30USMA,0,,,,,,,,,,,,
S0328,AREA H,CABLE,"CARRETE DE CABLE, AMARILLO",,,1,,,,,,,,,,,,
S0329,AREA EX2,TENSOR,TENSOR P/CORD ACOM OPT 3MM,AMSA,1038272,300,,,,,,,,,,,,
S0330,AREA EX2,TENSORES,TENSORES,,,-1959,1200+600+300,,,,,,,,,,,
S0330,AREA EX3,TENSORES,TENSORES,,,972,,,,,,,,,,,,
S0331,AREA EX4,ESCRITORIO,"ESCRITORIO DE TRABAJO, PLATEADO",CONMFORTZONE,64060,1,,,,,,,,,,,,
S0332,AREA B,PROBADOR,"PROBADOR DE TENSIÓN SIN CONTACTO, PROVO-2, NEGRO Y BLANCO",TRUPER,90 V-1000V,1,,,,,,,,,,,,
S0333,AREA EX3,HEBILLA,"HEBILLA PARA FLEJE 15.8 MM 5/8""",OPTRONICS,OPHAHEBAI58,682,1055,,,,,,,,,,,
S0334,AREA EX3,TAQUETE,"TAQUETE DE PLASTICO ANCLO GARRAS, 7.9 MM 5/16"", BLANCO Y GRIS",ANCLO,AG5610A,19,227,,,,,,,,,,,
S0335,AREA EX4,HERRAJES,HERRAJE TIPO PERA,,,-448,60+,,,,,,,,,,,
S0336,AREA H,FUSIONADORA,"KIT FUSIONADO ESTUCHE AMARILLO, FUSIONADORA DE FIBRA OPTICA, GRIS, MARCA FIBERFOX, MODELO MINI 5C / CLEAVER, NEGRO, MODELO SKL-6C / 3 PILAS PARA FUSIONADORA Y CARGADO DE FUSIONADORA",,,0,,,,,,,,,,,,
S0337,AREA E,CAMARA,AUDIO POR COAXITRON / Bala TURBOHD 5 Megapixel / Gran Angular 85.5° / Lente 2.8 mm / 30 mts IR EXIR / Exterior IP67 / 4 Tecnologías / dWDR,EPCOM,B50TURBOG2A,0,,,,,,,,,,,,
S0338,AREA B,JUMPER,"Jumper de Fibra Óptica Monomodo LC/UPC-SC/APC Simplex, color amarillo 3 metros",LINKEDPRO,LPFOLCUSCA03,15,25,,,,,,,,,,,
S0339,AREA E,,Módulo Jack Keystone Cat5e con terminación 110 (Punchdown) para faceplate - Color Azul,LINKEDPRO,LPKJ505BU,2,,,,,,,,,,,,
S0340,AREA OFICINA,OPM,"MEDIDOR DE POTENCIA DE FIBRA OPTICA, COLO AZUL/GRIS",ELOIK,ALK1001B,1,Atrás del Ing. Cesar,,,,,,,,,,,
S0341,AREA E,BATERIAS,BATERIAS AAA,VOLTECK,46013,0,,,,,,,,,,,,
S0342,AREA B,DACC,JUMPER DE 2 MTS. PARA CONEXIÓN DIRECTA,FS,SFPP-PC02,2,1 EN AREA B,,,,,,,,,,,
S0343,,ESPIRAL,"ESPIRAL PARA CABLES, ORGANIZADOR DE CABOS, 2 MTS.",SCHNEIDER ELECTRIC,DXN3416B,1,,,,,,,,,,,,
S0344,AREA P3,ORGANIZADOR,"ORGANIZADOR ORIZONTAL DE CABLES PARA RACK DE 19"" DE 1 UNIDAD, NEGRO SEMI-MATE",LINKEDPRO,LPCM04,2,,,,,,,,,,,,
S0345,AREA P3,TOMACORRIENTE,"TOMACORRIENTE MULTIPLE HORIZONTAL, PARA RACK 19"", 1 UNIDAD. 8 CONTACTOS. NEGRO",LINKEDPRO,HTCM1U,2,,,,,,,,,,,,
S0346,AREA B,Papel protector,"Papel protector facil de despegar, transparente, 12 mm",EPSON,LC-4TBN9,1,,,,,,,,,,,,
S0347,AREA E,Clavija,"Clavija blindada, 2 polo, 3 hilos",VOLTECH,CLI-A,1,,,,,,,,,,,,
S0348,AREA E,Terminal,"Terminales de aislamiento ojillo, 1/4 amarilla, calibre 12-10",NIQMEX,45017,27,,,,,,,,,,,,
S0349,AREA B,Capa,"Capa platica repuesto, para Jacks del Patch Panels de impacto 110",PANDUIT,167275,57,,,,,,,,,,,,
S0350,AREA E,Pija,Pija para broca galvanizada 8 X 3/4,K-LATH,562008009D,84,,,,,,,,,,,,
S0351,AREA E,Tornillo,Tornilo para metal cabeza plana autoperforante 8 x 1/2,HILLMAN,48994,30,,,,,,,,,,,,
S0352,AREA E,TUERCA,conector de enlace de blindaje,3M,4460-D,1,,,,,,,,,,,,
S0353,AREA B,Tornillo,"Kit de  tornillos, arandelas y tuercas, enjauladas para sujetar equipos rack",LINKEDPRO,LPTAT12,274,,,,,,,,,,,,
S0354,AREA E,Conector,"Conector macho BNC, para cable coaxial",S / M,BNC,27,,,,,,,,,,,,
S0355,AREA E,Baterias,"Baterias 2 AA, azul",VOLTECK,AL-AA-D,5,,,,,,,,,,,,
S0356,,SALCHICHA,Cierre coenxión bajante optico c/Acop opt SC/SC,ALSAN,1035043,26,,,,,,,,,,,,
S0357,AREA EX,Hebilla,Hebilla,AERIALGRIP,201SS,-76,HAY 1 EN AREA EX,,,,,,,,,,,
S0358,AREA D,Conector,Conector Pre pulido para Fibr óptica,FHTEK,FPF-PAA-01,90,,,,,,,,,,,,
S0359,AREA P2,POE,"Adaptador PoE Ubiquiti Gigabit de 24 VDC, 0.3 A",UBIQUITINETWORKS,POE247WGWH,11,8,,,,,,,,,,,
S0360,,CABLE,"Cable de Alimentación para Inyectores POE24V, POE56V, POE-30G, N000000L034A,EPA5006GR, POE-24-12W-G, POE-24-12W.",MIMOSA NETWORKS,PCC53,8,,,,,,,,,,,,
S0361,AREA G,CINCHO,BRIDA DE ACERO,--,CT-203,15,,,,,,,,,,,,
S0362,AREA EX1,CABLE DE UTP,"CARRETE de cable UTP de 152.4 m, Cat5e, FTP, blindado, para intemperie, color negro, UL, color negro, para aplicaciones en video vigilancia, redes de datos. EXTERIORES",LINKEDPRO,PROCAT5EXT/500,2591,152.4 METROS,,,,,,,,,,,
S0363,AREA P3,CHAROLA,"Charola para Rack de 19"", 23 cm de Profundidad, 2U.",LINKEDPRO,SCH19/130,1,,,,,,,,,,,,
S0364,,CABLE DE CORRIENTE,Cable de Alimentación Eléctrica 110 - 240 VCA / 1.5 Mts de Distancia,HIKVISION,HIKACCORD,1,,,,,,,,,,,,
S0365,,POE,"Adaptador PoE Ubiquiti Gigabit de 24 VDC, 0.3 A, BLANCO, USADO",UBIQUITINETWORKS,POE247W,-1,,,,,,,,,,,,
S0366,,POE,"Adaptador PoE Ubiquiti de 24 VDC, 1.0 A, NEGRO",UBIQUITINETWORKS,POE2424W,3,,,,,,,,,,,,
S0367,AREA P1,ACOPLADOR,ACOPLADOR AZUL,--,--,75,250+,,,,,,,,,,,
S0368,AREA EX4,ABRAZADERA OMEGA,ABRAZADERA OMEGA 3/4,--,--,94,,,,,,,,,,,,
S0369,AREA EX4,ABRAZADERA,"ABRAZADERA OMEGA 1""",--,--,61,,,,,,,,,,,,
S0370,AREA EX3,ABRAZADERA,"ABRAZADERA OMEGA 1 1/2""",--,--,66,,,,,,,,,,,,
S0371,EXT 2,JUMPER,"Jumper de Fibra Óptica Duplex SCU/ SCU, color naranja, 3 metros",ICOPTIKS,JD516SCU/SCU03,10,,,45099,,,,,,,,,
S0372,EXT 2,JUMPER,"Jumper de Fibra Óptica SIMPLEX Monomodo LCU/SCU, color amarillo, 10 metros",ICOPTIKS,JD516LCU/SCU10,4,1,,22/06/2023,,,,,,,,,
S0373,EXT 2,JUMPER,"Jumper dúplex MONOMODO, LCU/LCU, AZUL, 5 M.",ICOPTIKS,JDA16LCU/LCU05,1,,,22/06/2023,,,,,,,,,
S0374,EXT 2,JUMPER,"Jumper dúplex, G.657 A2 2 mm LCU/SCU , AZUL, 3 M.",ICOPTIKS,JDA16LCU/SCU03,1,,,22/06/2023,,,,,,,,,
S0375,EXT 2,JUMPER,"Jumper dúplex G.657 A2 2 mm LCU/LCU, AZUL 20 M.",ICOPTIKS,JDA16LCU/LCU20,2,,,22/06/2023,,,,,,,,,
S0376,EXT 2,JUMPER,"JUMPERS MONOMODO DÚPLEX, SC/UPC-LC/UPC, AMARILLO, 20 M.",MEXFO SERV,FJ20SCU-LCU2000,1,,,22/06/2023,,,,,,,,,
S0377,EXT 2,JUMPER,"JUMPER DE FIBRA OPTICA, LCSPC-LCSPC, AMARILLO, 3.5 M",ALCATEL-LUCENT,C14-92605,10,2,,22/06/2023,,,,,,,,,
S0378,EXT 2,JUMPER,"JUMPER SC/UPC-LC/UPC DUPLEX MONOMODO, AZUL 30 M.",MEXFO SERV,FJ16SCULCU3000ED,1,,,22/06/2023,,,,,,,,,
S0379,EXT 2,JUMPER,"JUMPER MULTIMODO DUPLEX SC/UPC-LC/UPC, AZUL, 25 M.",MEXFO SERV,FJ16SCULCU2500ED,5,,,22/06/2023,,,,,,,,,
S0380,EXT 2,JUMPER,"JUMPER MULTIMODO  DUPLEX, SCU/SCU, AQUA 10 M.",MEXFO SERV,FJ20SCUSCU1000MD,2,,,22/06/2023,,,,,,,,,
S0381,EXT2,JUMPER,"JUMPER MULTIMODO DUPLEX SCU-LCU, AQUA 20 M.",MEXFO SERV,FJ20SCULCU2000DS,7,EXT,,22/06/2023,,,,,,,,,
S0382,EXT 2,JUMPER,"JUMPER MULTIMODO DUPLEX SC-SC, AQUA 2 M.",MEXFO SERV,FJ20SCUSCU200MD,1,,,22/06/2023,,,,,,,,,
S0383,EXT 2,JUMPER,"JUMPER DE FIBRA OPTICAMULTIMODO  DUPLEX SC-SC, AQUA 15 M.",MEXF SERV,FJ20SCUSCU1500MD,7,EXT,,22/06/2023,,,,,,,,,
S0384,EXT 2,JUMPER,"JUMPER DE FIBRA OPTICA MONOMODO DUPLEX LCU-LCU, NARANJA 10 M.",SEXFO SERV,FJ16LCULCU1000LD,3,,,22/06/2023,,,,,,,,,
S0385,EXT 2,JUMPER,"JUMPER DE FIBRA OPTICA MONOMODO DUPLEX LC-LC, NARANJA 5 M.",MEXFO SERV,FJLCULCU500LD,1,,,22/06/2023,,,,,,,,,
S0386,EXT 2,JUMPER,"JUMPER DE FIBRA OPTICA MONOMODO DUPLEX SC-LC, NARANJA 15 M.",MEXFO SERV,FJ16SCULCU1500LD,1,,,22/06/2023,,,,,,,,,
S0387,EXT 2,JUMPER,"JUMPER DE FIBRA OPTICA MONOMODO DUPLEX LC-LC, NARANJA 20 M.",MEXFO SERV,FJ16LCULCU2000LD,2,,,22/06/2023,,,,,,,,,
S0388,EXT 2,JUMPER,"JUMPER DE FIBRA OPTICA MONOMODO DUPLEX SC-LC, NARANJA 30 M.",MEXFO SERV,FJ16SCULCU3000LD,3,1,,22/06/2023,,,,,,,,,
S0389,EXT 2,JUMPER,"JUMPER DE FIBRA OPTICA MONOMODO DUPLEX SC/LC, NARANJA 20 M.",MEXFO SERV,FJ16SCULCU2000LD,4,EXT,,22/06/2023,,,,,,,,,
S0390,EXT 2,JUMPER,"JUMPER DE FIBRA OPTICA MONOMODO DUPLEX SC/PC-LC/PC, NARANJA 20 M.",--,SCPCLCPCMM50,4,,,22/06/2023,,,,,,,,,
S0391,EXT 2,JUMPER,"Jumpers de Fibra Óptica Monomodo, LC/UPC-LC/UPC 9/125 SIMPLEX, AMARILLO 6 M.",OPTRONICS,OPJULCULCU09S0060RI2,3,,,22/06/2023,,,,,,,,,
S0392,EXT 2,JUMPER,"Jumpers de Fibra Óptica Monomodo, SC/UPC-SC/UPC 9/125 SIMPLEX, AMARILLO 15 M.",OPTRONICS,OPJUSCUSCU09S0150RI2,8,,,22/06/2023,,,,,,,,,
S0393,EXT 2,JUMPER,"Jumpers de Fibra Óptica Monomodo, LC/UPC-LC/UPC 9/125 SIMPLEX, AMARILLO 10 M.",OPTRONICS,OPJULCULCU09S0100RI2,39,26+13 EXT DIV.. EN 2 CAJAS,,22/06/2023,,,,,,,,,
S0394,EXT 2,JUMPER,"Jumpers de Fibra Óptica Monomodo, LC/UPC-SC/UPC 9/125 DUPLEX, AMARILLO 20 M.",OPTRONICS,OPJULCUSCU09D0200RI2,3,,,22/06/2023,,,,,,,,,
S0395,EXT 2,JUMPER,"jumper de fibra óptica dúplex monomodo, SC/UPC-LC/UPC  2.0mm, AMARILLO 15 M.",--,JUP-SC-LC,12,,,22/06/2023,,,,,,,,,
S0396,EXT 2,JUMPER,"jumper de fibra óptica dúplex monomodo, SC/UPC-LC/UPC , AMARILLO 15 M.",--,--,4,,,22/06/2023,,,,,,,,,
S0397,EXT 2,JUMPER,"jumper de fibra óptica dúplex monomodo, SC/UPC-LC/UPC  3.0mm, AMARILLO 3 M.",LSZH,G657A2,1,,,22/06/2023,,,,,,,,,
S0398,EXT 2,JUMPER,"jumper de fibra óptica dúplex monomodo, LC/UPC-LC/UPC  2.0mm, AMARILLO 2 M.",--,GYDT05GM008M,3,1,,22/06/2023,,,,,,,,,
S0399,EXT2,JUMPER,"jumper de fibra óptica simplex monomodo, LC FLEX-LC FLEX  2.0mm, AMARILLO 5 M.",CONDUMEX,T06166005,2,,,22/06/2023,,,,,,,,,
S0400,EXT 2,CABLE OPTICO,Cable Óptico Activo 100G QSFP28 a QSFP28 3m (10ft) - Compatible con Brocade QSFP28-100G-AOC-3M,--,QSFP28100GMEGA15M,2,,,22/06/2023,,,,,,,,,
S0401,EXT 2,JUMPER,"JUMPER 12 MPOH-MPOH MM 50/125, AQUA 15 M.",MEXFO SERV,FJ12M5M53C1500PB,15,,,22/06/2023,,,,,,,,,
S0402,EXT 2,JUMPER,"JUMPER LC/LC 10 G DPX PVC, AQUA ",--,852LL2023,3,,,22/06/2023,,,,,,,,,
S0403,EXT 2,JUMPER,"JUMPER LC/FC MONOMODO SIMPLEX, AMARILLO 5 M.",--,S/M,3,,,22/06/2023,,,,,,,,,
S0404,EXT 2,JUMPER,"JUMPER MONOMODO DUPLE, SC/UPC-LC/UPC, AZUL, 5 M.",MEXFO SERV,FJ16SCULCU500ED,2,,,22/06/2023,,,,,,,,,
S0405,EXT 2,JUMPER,"JUMPER LC/LC, AMARILLO 10 M.",--,3ECA1034LULU01003F,16,,,22/06/2023,,,,,,,,,
S0406,EXT 2,JUMPER,"JUMPER SIMPLE SC/SC, AMARILLO 5 M.",--,3ECA1034SUSU00509F,65,,,22/06/2023,,,,,,,,,
S0407,EXT 2,JUMPER,"JUMPER SIMPLEX LC/PC-LC/PC MULTIMODO, NARANJA 3 M.",GDJSEVIL,HUWC-14130297,4,,,22/06/2023,,,,,,,,,
S0408,EXT 2,JUMPER,"JUMPER MULTIMODO LC/PC-LC/PC, NARANJA 20 M.",JONHON,LHLCLCM2L20,8,,,22/06/2023,,,,,,,,,
S0409,EXT 2,JUMPER,"JUMPER SIMPLEX, LC/LC, AMARILLO 3 M.",S/N,3ECA1032LULU00301F,1,,,45099,,,,,,,,,
S0410,AREA B,PLACA CIEGA,PLACA CIEGA PARA CAJA DE CONEXIÓN TIPO FS,VOLTECK,PAFCI-S,4,,,45099,,,,,,,,,
S0411,AREA B,PLACA SENCILLA,PLACA SENCILLA PARA CAJA DE CONEXIÓN TIPO FS,VOLTECK,PAFSE-S,7,HAY 1 EN AREA B,,,,,,,,,,,
S0412,AREA OFICINA,ONU,"ONU, ECHOLIFE HG8310M, XPON TERMINAL, SC/UPC, EUROPEAN STANDARD ADAPTER",ECHOLIFE,HG8M8310MG01,-7,20,,,,,,,,,,,
S0413,AREA BAJ,MASTIL,MASTIL TELESCOPICO 9 MTS. C. 20,--,5419,6,,,12/07/2023,,,,,,,,,
S0414,AREA BAJ,MASTIL,MASTIL TELECOPICO 6 M. C. 20,--,5419,-5,HAY 2,,12/07/2023,,,,,,,,,
S0415,AREA A,CAUTIN,"CAUTIN TIPO LAPIZ PARA SOLDAR, NARANJA",TRUPER,CAU-45,1,,,13/07/2023,,,,,,,,,
S0416,AREA B,CABLE UTP,"CABLE UTP 4PR/24 STRANDED CAT5E, COLOR VERDE 1 M.",--,E243826,1,,,13/07/2023,,,,,,,,,
S0417,AREA B,CABLE," RJ45 a DB9, DB9 9 pines puerto serie macho a RJ45 hembra Cat5 Ethernet LAN Cable de consola 9.8 pies",STEREN,--,1,,,13/07/2023,,,,,,,,,
S0418,AREA B,CABLE UTP,Cable de Ethernet / Cable de conexión de red NK Copp Patch Cord Category 5e Red U,PANDUIT,NK5EPC7RDY,1,,,13/07/2023,,,,,,,,,
S0419,AREA B,CABLE,"Cable USB a RJ45, USB2.0 Macho a RJ45 Macho CAT5 Cable Plano de Consola Serie para Cisco Routers Switches para Cisco (Cisco) Routers, Huawei, Juniper, 3COM, Ruijie Routers/Switches",RICHER-R,E-228840,1,,,13/07/2023,,,,,,,,,
S0420,,CABLE,"Cable DB de 9 pines SVGA / VGA de 15 pines macho, NEGRO",TRIPP-LITE,--,1,,,13/07/2023,,,,,,,,,
S0421,AREA B,CABLE,"Cable DB de 9 pines SVGA / VGA de 9 pines macho, GRIS",NANKE,--,1,,,13/07/2023,,,,,,,,,
S0422,AREA B,CABLE,"TIPO B a DB9, DB9 9 pines puerto serie macho a TIPO B, NEGRO CONECTOR AZUL",--,--,1,,,13/07/2023,,,,,,,,,
S0423,AREA B,CABLE,Cable serie DB9 de 15 pies macho a macho RS232 recto a través de cable de datos de 9 pines,--,--,1,,,13/07/2023,,,,,,,,,
S0424,AREA B,CABLE,Convertidor USB A Serial Db9M,MANHATTAN,--,1,,,13/07/2023,,,,,,,,,
S0425,AREA A,CAMARA,"CAMARA, AUDIO POR COAXITRON / Turret TURBOHD 5 Megapixel / Angulo de vision 85.5° / Lente 2.8 mm / 30 mts IR EXIR / Exterior IP67 / 4 Tecnologías / Dwdr",EPCOM,E50TURBOG2/A,1,,,17/07/2023,,,,,,,,,
S0426,AREA E,CAMARA,Mini Cámara IP PT 2 Megapíxel / Wi-Fi / Seguimiento Inteligente / Audio de Dos Vías / Notificación Push / Ranura para Memoria / Uso en Interior,EZVIZ,C6N,1,,,17/07/2023,,,,,,,,,
S0427,AREA EX2,GABINETE,ORGANIZADOR VERTICAL MEDIANO D/CABLES 21UR,LINKEDPRO,LPCV21URM,2,,,06/09/2023,,,,,,,,,
S0428,AREA EX4,RACK,"RACK ABIERTO DE 19"", 24 UNIDADES, BASE TIPO L.PIEZA 1 DE 2",LINKEDPRO,EIRL5524,0,,,06/09/2023,,,,,,,,,
S0429,,RACK,"RACK ABIERTO DE 19"", 24 UNIDADES, BASE TIPO L. PIEZA 2 DE 2",LINKEDPRO,EIRL5524,0,,,06/09/2023,,,,,,,,,
S0430,AREA EX4,GABINETE,ORGANIZADOR VERTICAL GRANDE DE CABLES 24UR,LINKEDPRO,LPCV24URL,2,,,06/09/2023,,,,,,,,,
S0431,AREA B,PUNTAS,"PUNTAS PARA DESARMADOR PHILLIPS PH2,2"",50 PZS, TRUPER EXPERT",TRUPER,PUDE-1202-50,49,47,,45181,,,,,,,,,
S0432,AREA B,PINZAS,"PINZAS DE ELECTRICISTA MANGO BICOLOR DE 9""",TRUPER,T200-9XDR-14X6,-1,1,,45181,,,,,,,,,
S0433,AREA B,GUANTES,"GUANTES LIGEROS DE PIEL DE CABRA, BLANCOS, PARA INSTALACIÓN ELECTRICA",TRUPER,GU-725,1,,,45115,,,,,,,,,
S0434,AREA B,LLAVE,"LLAVE AJUSTABLE (PERICO) 6"" DOBLE GRIP",TRUPER,PET-6X,0,,,45181,,,,,,,,,
S0435,AREA B,MARTILLO,MARTILLO DE UÑA CURVA 16 OZ GRANALLADO,TRUPER,MA-16,0,,,45181,,,,,,,,,
S0436,AREA P3,RACK,"RACK ABIERTO DE 19"", 9 UNIDADES, PARA USO EN MESA, IDEAL EN INSTALACIONES TEMPORALES",LINKEDPRO,LPIR10U,1,,,06/09/2023,,,,,,,,,
S0437,AREA B,BOLSA,PORTAHERRAMIENTAS DE 26.6 X 26.8 CM NEGRO ,MCGUIRE NICHOLAS,866053,0,,,45181,,,,,,,,,
S0438,AREA B,PINZA,"PINZA DE CORTE DIAGONAL 6"" MGOS RECUBIERTOS",TRUPER,T202-6,2,,,45181,,,,,,,,,
S0439,AREA P3,ORGANIZADOR,"ORGANIZADOR DE CABLES PARA DOS UNIDADES DE RACK, CON TAPA METALICA ABATIBLE.",THELECOM,THE-004-0032-001-001,3,,,06/09/2023,,,,,,,,,
S0440,AREA EX1,CAJA PARA HERRAMIENTA,CAJA PARA HERRAMIENTA DEWALT-CAJA SUPERIOR ORGANIZADO,DEWALT,DWST17807,2,,,45181,,,,,,,,,
S0441,AREA EX1,SPLITTER,"SPLITTER 1X8, COLOR AZUL",S/M,S/M,104,,,06/09/2023,,,,,,,,,
S0442,,CINTA ADHESIVA,CINTA ADHESIVA 72MMX150MM,NAVITEK,245,9,,,13/09/2023,,,,,,,,,
S0443,,MASKING,"MASKING TAPE, 125 18MMX50M",NAVITEK,125,5,,,13/09/2023,,,,,,,,,
S0444,AREA EX5,CAJA NAP,CAJA TERMINAL OPTICA AEREA 1X8/SCU/PC (PANQUESITOS),FIBERHOME,1034611,24,HAY 1 EN EL AREA EX4 RESTO AREA BAJA,,13/09/2023,,,,,,,,,
S0445,AREA B,TAQUETE,TAQUETE DE FIJACIÓN PARA TODO TIPO DE MURO 5/16,ELPRO,TQ-02,390,346,,14/07/2023,,,,,,,,,
S0446,AREA OFICINA,PUNTO DE ACCESO,PUNTO DE ACCESO WI-FI 802.11 AC 2.03 GBP,GRANDSTREAM,GWN7624,1,,,15/09/2023,,,,,,,,,
S0447,AREA OFICINA,ONU,"ONU, TEMRINAL DE RED ÓPTICA",C-DATA,FD511G,-2,,,15/09/2023,,,,,,,,,
S0448,AREA OFICINA,ONU,"ONU, TERMINA DE RED ÓPTICA, XPON ONU",C-DATA,FD512XW,-44,,,15/09/2023,,,,,,,,,
S0449,AREA OFICINA,LECTOR DE CODIGO,LECTOR DE CODIGO DE BARRAS INALAMBRICO CON BASE DE CARGA ZK,ZKTECO,ZKB106,1,Se coloca atrás del lugar del ing. Cesar,,15/09/2023,,,,,,,,,
S0450,AREA B,PUNTAS PARA DESARMADOR,"PUNTAS PARA DESARMADOR INSERT BITS, PUNTA PLANA, 1/4""X2",TRUPER,P5-24,5,,,18/09/2023,,,,,,,,,
S0451,AREA B,NAVAJA,"NAVAJA ABATIBLE, CON CUCHILLAS, DOBLE BISEL PARA MAYOR RESISTENCIA Y CORTES PRECISOS",TRUPER,NV-6X,2,,,18/07/2023,,,,,,,,,
S0452,AREA BAJ,MASTIL,MASTIL TELESCOPICO 3 MTS. C. 20,,5419,-6,HAY 1,,,,,,,,,,,
S0453,AREA EX5,BRAZO,Brazo de Extensión 40 CM.,--,--,15,HAY 3,,17/11/2022,,,,,,,,,
S0454,AREA EX5,BRAZO,BRAZO DE EXTENSIÓN DE 60 CM.,--,--,-21,HAY 16,,17/11/2022,,,,,,,,,
S0455,AREA EX5,BRAZO,BRAZO DE EXTENSIÓN 1 METRO.,---,---,-1,,,17/11/2022,,,,,,,,,
S0456,AREA EX5,CARRETE DE FIBRA ÓPTICA,CARRETE DE FIBRA OPTICA 500 M. COLOR NEGRO,CONDUMEX,1052261,-1900,,,18/09/2023,,,,,,,,,
S0457,AREA EX5,PREFORMADO,"PREFORMADO PARA 12 HILOS, COLOR AMARILLO CHICO, 40 CM",---,---,497,Entraron 200,,18/04/2023,,,,,,,,,
S0458,AREA EX1,FLEJE,"FLEJE DE ACERO INOXIDABLE 15.8MM 5/8"" ROLLO DE 30.5M",OPTRONICS,---,-3,HAY 1 EN AREA EX,,01/06/2023,,,,,,,,,
S0459,AREA BAJ,PERTIGA,"PERTIGA DE FIBRA, COLOR NARANJA",----,---,0,,,01/02/2023,,,,,,,,,
S0460,AREA EX5,JOTA,"Herraje de Suspensión tipo J para fibra Mini ADSS Φ 6-8 mm, JOTA",LINKEDPRO,LPSCJH0608,24,,,25/08/2023,,,,,,,,,
S0461,AREA B,MANGA TERMICA,MANGA TERMICA,--,--,690,,,20/09/2023,,,,,,,,,
S0462,AREA EX1,CABLE DE UTP,"CARRETE DE CABLE UTP CAT 5E BLANCO, UNFORRO 305 M",ETERN,--,0,,,20/09/2023,,,,,,,,,
S0463,AREA EX1,CABLE DE UTP,"CARRETE DE CABLE UTP CAT 5E BLANCO, UNFORRO 305 M.",VIAKON,---,0,,,20/09/2023,,,,,,,,,
S0464,AREA EX1,CABLE DE UTP,"CARRETE DE CABLE UTP CAT 5E BLANCO, UNFORRO 305 M.",FIBERHOME,---,0,,,20/09/2023,,,,,,,,,
S0465,PROYECTOS,GABINETE,Gabinete Plástico para Exterior (IP65) de 160 x 160 x 90 mm Cierre por Tornillos.,TXPRO,TXG015TS,0,1 EN AREA D,,20/09/2023,,,,,,,,,
S0466,AREA BAJ-1,MARRO,"MARRO AZUL, 4 LIBRAS",STRIKE-SHIELD,MD-4FK,1,,,11/10/2023,,,,,,,,,
S0467,AREA BAJ-1,ROTOMARTILLO,ROTOMARTILLO AZUL,BOSCH,GBM-13,1,,,11/10/2023,,,,,,,,,
S0468,AREA B,CINTA PARA IMPRESORA,CINTA TZ PARA ROTULADORAS P-TOUCH ,BROTHER,TZE-241,2,,,45343,,,,,,,,,
S0469,AREA A,ROUTER,MODEM / ROUTER 300 MBPS WIRELES. NEGRO,HIKVISION,,6,,,14/10/2023,,,,,,,,,
S0470,AREA A,CAMARA,"CAMARA BLANCA, WHITE LIGHT DISTANCE: 40 M, 0.0005 LUX, 2.8 MM",HIKVISION,DS-2CE72UF3T-E,10,,,14/10/2023,,,,,,,,,
S0471,,CAMARA,"CAMARA BLANCA, 2.7-13.5 MM, 8MP/0.01 LUX @ (F 1.2, AGC ON), O LUX WITH IR",HIKVISION,DS-2CE19U1T-AIT3ZF,4,,,14/10/2023,,,,,,,,,
S0472,AREA OFICINA,ROUTEADOR,ROUTER,V-SOL,V2801SG,-7,1,,45184,,,,,,,,,
S0473,AREA EXT,PLACA,"PLACA DE PLASTICO CIEGA, LINEA OSIO,  COLOR BLANCO",VOLTECK,PPCI-OB,20,,,45348,,,,,,,,,
S0474,AREA EXT,CAJA DE CONTACTO,CAJA DE CONTACTO PARA CANALETA 3'X5' COLOR BLANCO,VOLTECK,CRU-3X5,19,,,45348,,,,,,,,,
S0475,AREA B,CONVERTIDOR,MODULO CONVERTIDOR DE SFP A ETHERNET 10/100/1000/Mbit/S,MIKROTIK,S-RJ01,2,,,45348,,,,,,,,,
S0476,AREA EX2,CONECTORES,FMC21201-2-SC/APC CONECTOR HUAWEI,HUAWEI,FMC2101-2,80,,,17/10/2023,,,,,,,,,
S0477,AREA ABAJO,ROSETA,ROSETA DE HUAWEI ,HUAWEI ,ATB3101-1B,9,HAY 3 EN EL AREA EX2,,17/10/2023,,,,,,,,,
S0478,AREA OFICINA,MULTIMETRO,"MULTIMETRO PARA MANTENIMIENTO INDUSTRIAL CON GANCHO, CONTIENE 2 PUNTAS PROBADORAS, 1 SONDA TERMOPAR, 1 ESTUCHE PARA TRANSPORTAR, 1 CORREA PARA COLGAR Y 1 PILA DE 9 V",TRUPER,MUT-202,1,Atrás del Ing. Cesar,,25/10/2023,,,,,,,,,
S0479,AREA BAJA,BOCINA,"BOCINA NEGRA 12"", Bluetooth, Alámbrico/Inalámbrico, 20W RMS, 13.600W PMPO, USB",DONKER,GEM-6112,2,,,05/08/2023,,,,,,,,,
S0480,AREA ARRIBA,FUSIONADORA,"FUSIONADORA NARAJANJA PARA 12 HILOS, CON 2 HOLDERS MODELO FHM-12U, 1 HOLDR MOD. FHM-GA Y CORTADORA FUJIKURA S503, EN CAJA LIKUS",SUMITOMO ELECTRIC,TYPE-Q102-M12,1,,,25/10/2023,,,,,,,,,
S0481,AREA BAJA,CAVADOR,CAVADOR AGRICOLA T/HERCULES MGO/FIBRA 48,TRUPER,CA-38,1,,,25/10/2023,,,,,,,,,
S0482,AREA BAJA,BARRETA,BARRETA DE PUNTA DE 1-1/4' X 1.75 MTS,TRUPER,BAP-150,1,,,25/10/2023,,,,,,,,,
S0483,AREA ARRIBA,GENERADOR,"GENERADOR AMARILLO 1600, CON CAPACIDAD DE 5.5 L",EVANS,G16MG03007,1,,,01/01/2023,,,,,,,,,
S0484,AREA OFICINA,TESTER,"PROVADOR DE VIDEO 4.3"" , Negro/Rojo, IPC TESTER, CONTIENE CARGADOR Y CABLES DE MEDICION",EPCOM,EPMONTVI4K,1,Atrás del Ing. Cesar,,01/01/2023,,,,,,,,,
S0485,AREA OFICINA,COMPUTADORA,"COMPUTADORA / LAPTOP, NEGRA DE 13""",DELL,DNXCBH2,1,,,01/01/2023,,,,,,,,,
S0486,AREA BAJA,ESCALERAS,"ESCALERAS / BURRITO, COLO AZUL",STRONGWELL,124106,2,HAY 1 ,,01/01/2023,,,,,,,,,
S0487,AREA BAJA,ESCALERAS,ESCALERAS / BURRITA COLOR GRIS DE 2.44 M.,CUPRUM,C-228717,2,HAY 1,,01/01/2023,,,,,,,,,
S0488,AREA BAJA,ESCALERAS,"ESCALERAS NARANJA, 300 LB. DE 8.53 M.",WERNER,113527,5,HAY 3,,01/01/2023,,,,,,,,,
S0489,AREA BAJA,ESCALERAS,"ESCALERAS COLOR GRIS, DE 8.53 M. ",ESCALUMEX,----,1,,,01/01/2023,,,,,,,,,
S0490,AREA BAJA,CONOS,"CONOS DE SEÑALAMIENTO, 70 CM. COLOR NARANJA",----,---,6,,,01/01/2023,,,,,,,,,
S0491,AREA BAJA,CONOS,"CONOS DE SEÑALAMIENTO, COLOR NARANJA DE 33 CM.",BESTCONSUMER,059520,2,,,01/01/2023,,,,,,,,,
S0492,AREA BAJA,CONOS,"CONOS DE SEÑALAMIENTO, COLOR NARANJA, DE 45 CM.",---,---,2,,,01/01/2023,,,,,,,,,
S0493,AREA BAJA,ALAMBRE GALVANIZADO,"ALAMBRE GALVANIZADO CAL. 16, POR KILO",----,01ALGA16,172,,,01/01/2023,,,,,,,,,
S0494,AREA BAJA,MESA,"MESA BLANCA, PARA FUSIONAR DE 120X60 CM.",DUNP,-----,1,,,01/01/2023,,,,,,,,,
S0495,AREA BAJA,SOMBRILLA,SOMBRILLA PARA FUSIÓN COLOR NARANJA,---,---,1,,,01/01/2023,,,,,,,,,
S0496,AREA BAJA,SOMBRILLA,SOMBRILLA PARA FUSIÓN COLOR ROJA,---,---,1,,,01/01/2023,,,,,,,,,
S0497,AREA BAJA,BANDOLA,"KIT DE BANDOLA, 1 BANDOLA TALLA 40 / CINTURON, COLO CAFE CON VERDE",TULMEX,5268,1,,,01/01/2023,,,,,,,,,
S0498,AREA BAJA,BOLSA DE CARGO,"BOLSA DE CARGO PARA BANDOLA, DE PIEL COLOR CAFE",---,--,8,,,01/01/2023,,,,,,,,,
S0499,AREA BAJA,CASCO,"CASCO DE PROTECCIÓN ALA COMPLETA, COLOR BLANCO",TRUPER,CAS-03X,4,,,01/01/2023,,,,,,,,,
S0500,AREA BAJA,GUANTES,GUANTES DE PIEL COLOR CAFE. PARES,VARIAS,----,4,,,01/01/2023,,,,,,,,,
S0501,AREA BAJA,PREFORMADO,"PREFORMADO AMARILLO, 77 CM, PARA 96 HILOS",----,----,148,,,18/10/2023,,,,,,,,,
S0502,AREA EX31,CIERRE DE EMPALME,"Cierre de Empalme para 24 fusiones de fibra óptica, Interior/Exterior, con 8 acopladores SC/APC y splitter 1x8, IP65",LINKEDPRO,LPFAT08,12,,,07/10/2023,,,,,,,,,
S0503,BAJA,POLIPASTO,POLIPASTO DE ÁLANCA,TRUPER,POPA-1-1/2,1,,,31/10/2023,,,,,,,,,
S0504,,JOTA,"Herraje de Suspensión tipo J para fibra ADSS Φ 10-15 mm, JOTA GRANDE",LINKEDPRO,LPSCJH1015,41,HAY 3 EN EL AREA EX,,07/10/2023,,,,,,,,,
S0505,AREA A,CONECTOR DE FIBRA OPTICA,CONECTOR DE FIBRA OPTICA VERDE LIMON,GT NETWORKS,FOCSA-08-PP,1000,,,01/01/2023,,,,,,,,,
S0506,AREA B,LENTES DE SEGURIDAD,LENTE SV1006NGR RODIUM NGO/MICA GRIS,MRSEGURIDAD,MRSV1006NGR,2,,,08/11/2023,,,,,,,,,
S0507,AREA B,GUANTES,"GUANTES DE NYLON RECUBIERTOS DE NITRILO, ALTA SENSIBILIDAD, MEDIANA",TRUPER,GU-132,1,,,08/11/2023,,,,,,,,,
S0508,AREA B,GUANTES,"GUANTES DE NYLON RECUBIERTOS DE NITRILO, ALTA SENSIBILIDAD, TALLA GRANDE",TRUPER,GU-133,2,,,08/11/2023,,,,,,,,,
S0509,AREA B,JUEGO DE LLAVES ALLEN ESTANDAR,"JUEGO DE LLAVES ALLEN NEGRO MEDIDAS 3/64, 1/16, 5/64, 3/32, 7/64, 1/8, 9/64, 5/32, 3/16, 7/32, 1/4, 5/16, 3/8",PRETUL,ALL-13P-P,1,,,11/11/2023,,,,,,,,,
S0510,AREA B,CINTA SELLA ROSCA/ TEFLON,CINTA SELLA ROSCA DE 13 MM (1/2) X 0.075 MM X 7 M BLANCA,TRUPER,12520 CTF-1/2,72,,,11/11/2023,,,,,,,,,
S0511,AREA EXT,FLEJE DE ACERO,"FLEJE DE ACERO DIMENSION 15,8 X 0,7 MM",TELENCO NETWORKS,93506,-2,Hay 1 icompleto abajo,,11/11/2023,,,,,,,,,
S0512,AREA A,MEDIDOR DE POTENCIA,"MEDIDO DE POTENCIA PON, NARANJA. SERIE PPM23026812, pon power meter",PPM,PPM,4,3,,01/10/2023,,,,,,,,,
S0513,AREA A,IDENTIFICADOR DE FIBRA ÓPTICA,"IDENTIFICADOR DE FIBRA ÓPTICA, COLOR AZUL / NEGRO, SERIE 22098356",---,OFI,1,,,01/10/2023,,,,,,,,,
S0514,AREA A,ADAPTADOR METALICO,"ADAPTADOR METALICO DE RACK 19""PARA VIDEO GRABADORA DS7608/7616",EPCOM INDUSTRIAL,EIADAPDS76,0,,,01/10/2023,,,,,,,,,
S0515,AREA,DISCO DURO,Disco Duro Purple de 1 TB / 5400 RPM / Optimizado para Soluciones de Videovigilancia / Uso 24-7 / 3 Años de Garantia,WESTERN DIGITAL (WD),WD10PURZ,1,,,01/10/2023,,,,,,,,,
S0516,AREA A,CONTROLADOR SOLAR,"Controlador Solar MPPT 30A 12/24V, Maximo Voltaje de Circuito Abierto Voc 150Vcc, Parámetros Configurables",EPEVER,TRACER3215BN,1,,,01/10/2023,,,,,,,,,
S0517,AREA A,FUENTE DE PODER,"Fuente de Poder Profesional HEAVY DUTY @ 30 Amperes / 18 canales / Hasta 2.5 Amperes por Salida / Protección Contra Sobrecargas / Filtro de Ruido por Canal / Aprobaciones: IEC/EN/UL/CSA, 60950 GB4943.",EPCOM POWERLINE,XP18DC30HD,1,,,01/10/2023,,,,,,,,,
S0518,AREA A,INYECTOR POE,"Inyector PoE Pasivo 48vcc Gigabit para APs Grandstream hasta 24W GWN7605, GWN7605LR, GWN7615, GWN7630, GWN7630LR, GWN7660, GWN7660LR y GWN7664.",GRANDSTREAM,G0720480050,1,,,01/10/2023,,,,,,,,,
S0519,AREA A,ROUTER,Router Inalámbrico WISP / Hasta 1200 Mbps / Doble Banda AC (2.4 GHz y 5 GHz) / 4 Puertos 10/100 Mbps / 4 Antenas Omnidireccional de 5 dBi / Interior,HIKVISION,DS3WR12C,6,1,,01/10,,,,,,,,,
S0520,AREA A,ROUTER,"Router Gigabit VPN / Balanceador de cargas / 60,000 sesiones NAT / 9 puertos 10/100/1000 Mbps + 2 puertos SFP (WAN/LAN) / 1 puerto entrada PoE(af/at) / 2 puertos salida PoE (af/at) / Compatible con GWN Cloud.",GRANDSTREAM,GWN7003,0,,,01/10,,,,,,,,,
S0521,AREA BAJA,PREFORMADO,"PREFORMADO NARANJA, PARA FIBRA DE 96, 80 CM. GRANDE",----,----,16,,,01/01/2023,,,,,,,,,
S0522,AREA BAJA,PREFORMADO,PREFORMADO ROJO DE 85 CM. GRANDES,---,---,134,,,01/01/2023,,,,,,,,,
S0523,AREA,FLEJE,"FLEJE DE ACERO, ROJO",ALSAN,---,-3,HAY 1 EN AREA EX Y 1 EN AREA BAJA,,01/01/2023,,,,,,,,,
S0524,AREA BAJA,HERRAJE TREBOL,HERRAJE TIPO TREBOL,---,---,-70,HAY 97 AREA BAJA,,01/01/2023,,,,,,,,,
S0525,AREA B,CUBRENUCA,"CUBRENUCA SR1040 DE ALTA VISBILIDAD, NARANJA.",MR SEGURIDAD,MRSR1040-NJ,4,,,15/11/2023,,,,,,,,,
S0526,AREA,CASCO,"CASCO DE SEGURIDAD ALA COMPLETA, CASCO DE POLIETILENO DE ALTA DENSIDAD, BLANCO",TRUPER,CAS-BX,5,,,15/11/2023,,,,,,,,,
S0527,AREA,BRAZO,"Brazo de Extensión 100 CM para uso con Herraje Tipo ""J"" (LP-SC-JH-10-15 o LP-SC-JH-06-08)",LINKEDPRO BY EPCOM,LPBDE100,3,HAY 2,,11/11/2023,,,,,,,,,
S0528,AREA P2,SPLITTER,"Splitter (Divisor Óptico) tipo PLC, de 1x8, para fusión (sin conectores)",FIBERHOME,PLC108S,10,6,,16/11/2023,,,,,,,,,
S0529,AREA OFICINA,LOZALIZADOR,Localizador vehicular 4G -3G- 2G + WIFI,CONCOX,JM-VL01LA,1,Se coloca atrás del lugar del ing. Cesar,,16/11/2023,,,,,,,,,
S0530,AREA,DISTRIBUIDOR DE FIBRA ÓPTICA,"Distribuidor de Fibra Óptica con bandejas deslizables, vacío, 19in, acepta 72 adaptadores ""LC Duplex"" o ""LC Simplex"" o 72 ""SC"" Simplex, 4U",LINKEDPRO BY EPCOM,LPODF8072,0,,,16/11/2023,,,,,,,,,
S0531,AREA BAJA,PREFORMADO,"PREFORMADO DE COLOR NEGRO, 24 HILOS, DE 80 CM. GRANDE",----,----,-11,,,01/11/2023,,,,,,,,,
S0532,AREA BAJA,CARRETE DE FIBRA OPTICA,"Carrete de 4 km de Fibra Óptica Aérea Mini ADSS (ASU) G.652D, Monomodo de 12 Hilos, Exterior, Span 80, Loose Tube",LINKEDPRO BY FIBERHOME,MINIADSS12C/4KM,19329,,,27/11/2023,,,,,,,,,
S0533,AREA A,ROUTER,"Home Router inalámbrico MESH WI-FI 5 2x2 doble banda 1 puerto WAN Gigabit y 3 puertos LAN Gigabit, hasta 1,267 Mbps.",RUIJIE,	RGEW1200GPRO,0,,,15/06/2023,,,,,,,,,
S0534,,PIJA,PIJA DE 1 1/2,-----,-----,335,,,01/01/2023,,,,,,,,,
S0535,AREA OFICINA,JUMPER,"Jumper de Fibra Óptica Simplex, Monomodo, con Conectores SC/UPC-SC/APC, de 10 Metros, CABLE AMARRILO, CONECTORES VERDE/AZUL",FIBERHOME,OFCSC/UPCSC/APCS3010,26,Se coloca atrás del lugar del ing. Cesar,,18/11/2023,,,,,,,,,
S0536,AREA OFICINA,JUMPER,"Jumper de Fibra Óptica Simplex, Monomodo, con Conectores SC/APC-SC/APC, 10 metros, CABLE AMARILLO, CONECTORES VERDE/AZUL",FIBERHOME,OFCSC/APCSC/APCS3010,32,Se coloca atrás del lugar del ing. Cesar,,18/11/2023,,,,,,,,,
S0537,,FUENTE DE PODER,"OLT Fuente de alimentación dedicada de 220 V a 48 V 30 A, FUENTE DE PODER PARA OLR",HUAWEI,ETP4830,8,,,01/06/2023,,,,,,,,,
S0538,AREA A,PUNTO DE ACCESO,"Punto de acceso para exterior Wi-Fi 802.11 ac 1.27 Gbps, Wave-2, MU-MIMO 2x2:2 con administración desde la nube gratuita o stand-alone.",GRANDSTREAM,GWN7605LR,1,,,14/12/2023,,,,,,,,,
S0539,AREA A,SATELUITE,"Satélite Gtmedia Freesat 1080p Hd Gtmedia V8 Finder De 2 Met, VERDE",GTMEDIA,V8FINDER2,2,,,14/12/2023,,,,,,,,,
S0540,AREA A,SWITCH,Switch Gigabit Administrable / 24 puertos 10/100/1000 Mbps + 4 Puertos SFP Uplink / Compatible con GWN Cloud.,GRANDSTREAM,GWN7803,1,,,21/11/2023,,,,,,,,,
S0541,,EXTENSION,"EXTENSION ELECTRICA USO RUDO POLARIZADA PARA INTERIOR, 16AWG 13 A, NARANJA, 10 M. ",VOLTECK,ER-10X16,1,,,14/12/2023,,,,,,,,,
S0542,,ANTENA EXTERIOR,"Antena Hd Zona Difícil Recepción 40elem Master Tvant-25elem, ANTENA EXTERIOR DIGITAL PARA ALTA DEFINICION",MASTER,TVANT-25ELEM,3,,,16/11/2023,,,,,,,,,
S0543,AREA B,CABLE,"CABLE DB 9, DB-9 MACHO A DB-9 HEMBRA, COLOR NEGRO 1 M.",S/M,S/M,2,,,20/12/2023,,,,,,,,,
S0544,AREA B,CABLE,"Cable Impresora, Cable USB 2.0 Tipo B a USB Tipo A 1.5M para Impresora de Escáner HP, Canon, Lexmark, Epson, DELL, Xerox o Samsung, Entre Otros (1.5 Metros)",S/M,S/M,2,1,,12/12/2023,,,,,,,,,
S0545,AREA B,GUANTES,"GUANTES DE NYLON RECUBIERTOS DE POLIURETANO, ALTA SENSIBILIDAD, TALLA CHICA",TRUPER,GU-111,1,,,12/12/2023,,,,,,,,,
S0546,AREA B,CABLE,"CABLE DE DB9 A DB25, 9 PINES A 25 PINES, COLOR NEGRO DE 1 M.",S/M,S/M,1,,,12/12/2023,,,,,,,,,
S0547,AREA A,INYECTOR POE,"Inyector PoE Pasivo 48vcc Gigabit para APs Grandstream hasta 24W GWN7605, GWN7605LR, GWN7615, GWN7630, GWN7630LR, GWN7660, GWN7660LR y GWN7664.",GRANDSTREAM,G0720480050,1,,,12/12/2023,,,,,,,,,
S0548,AREA A,ROUTERBOARD,"RouterBoard, CPU 2 Núcleos, 10 Puertos Gigabit Ethernet, 1 Puerto SFP, 1 GB Memoria, Licencia Nivel 5, Montaje Rack",MIKROTIK,RB3011UIASRM,1,,,20/12/2023,,,,,,,,,
S0549,AREA A,SWITH,"Cloud Router Switch CRS317-1G-16S+RM 16 Puertos SFP+, 1 Puerto Gigabit Ethernet",MIKROTIK,CRS3171G16SRM,1,,,20/12/2023,,,,,,,,,
S0550,AREA EX,GABINETE,"Gabinete de Pared Fijo, Puerta Perforada, Rack 19in, de 12 Unidades de Rack",LINKEDPRO BY EPCOM,SR1912GFPVR2,1,,,20/12/2023,,,,,,,,,
S0551,,PIJAS,"PIJAS AUTOTALADRANTES, 1/2""",S/M,TLK8X12,0,,,20/12/2023,,,,,,,,,
S0552,,CLAVO,"CLAV DE 1 1/2""",S/M,S/M,500,,,20/12/2023,,,,,,,,,
S0553,AREA A,CAMARA,CAMARA: AUDIO POR COAXITRON / Turret TURBOHD 1080p / Imagen a Color 24/7 / Lente 2.8 mm / ColorVu Lite / Luz Blanca 20 mts / Uso Interior / Policarbonato,HILOOK,THCT129PS,0,,,22/12/2023,,,,,,,,,
S0554,AREA A,FUENTE DE ALIMENTACIÓN,Fuente de Alimentación de 4 Salidas de 11 - 15 Vcc / 5 Amper / Voltaje de Entrada 110- 240 Vac / Fusible Termico PTC Integrado para Protección / Salida de Voltaje Inteligente hasta 3 Amper por Salida,EPCOM POWERLINE,	PS12DC4C,0,,,22/12/2023,,,,,,,,,
S0555,AREA A,DVR,DVR 4 Canales TurboHD + 2 Canales IP / 4 Megapixel Lite / Audio por Coaxitron / 1 Bahia de Disco Duro / H.265+ / Salida de Video en Full HD,HiLook by HIKVISION,DVR204QK1(C)(S),0,,,22/12/2023,,,,,,,,,
S0556,AREA A,SOPORTE VERTICAL PARA LAPTOP,"SOPORTE VERTICAL PARA LAPTOP ADECUADO PARA ESCRITORIO ANCHURA AJUSTABLE (12-26 MM) AMPLIA COMPATIBILIDAD ANTIARANAZOS, DESLIZANTE, AJUSTABLE MEDIANTE TORNILLOS, COLOR PLATA, ALUMINIO MAS SILICONA.",UGREEN,20471,2,,,45343,,,,,,,,,
S0557,AREA B,ADAPTADOR,ADAPTADOR Vca-Vcc,EPCOM POWER LINE,PS12DC4KV,1,,,04/01/2024,,,,,,,,,
S0558,AREA D,CABLE OPTICO ACTIVO,"AOC (CABLE OPTICO ACTIVO), 2m (7ft) Generic Compatible 10G SFP+ Active Optical Cable, COLOR NARANJA",FS,SFPP-AO02,2,,,04/01/2024,,,,,,,,,
S0559,AREA B,DACC,MikroTik Compatible Q+DA0001 1m QSFP+ 40G,MIKROTIK,Q+DA0001,1,,,04/01/2024,,,,,,,,,
S0560,AREA EX4,CONECTORES,FIELD ASSEMBLY CONNECTOR,ZTT,SC/APC-SM,1000,1104,,05/01/2024,,,,,,,,,
S0561,AREA EX3,FUENTE DE ALIMENTACION,MODULO DE LA CORRIENTE ALTERNA DE LA FUENTE DE ALIMENTACION ,HUAWEI,PAC240S56,20,,,05/01/2024,,,,,,,,,
S0562,AREA EX 2,SOPORTE DE SERVICIO,"EchoLife EG8084P, GPON/XG (S)PON ONU",HUAWEI,H87ZEG808AP01,18,12 CAJAS COMPLETAS Y 8 INCOMPLETAS,,05/01/2024,,,,,,,,,
S0563,AREA EX,CABLE ,COAX CABLE RG6 TRISHIELD 77% BEIGBE,CABLENETWORK,CNA6T7RG4,10,,,05/01/2024,,,,,,,,,
S0564,EXT E ,BANDOLA,BANDOLA DE LINIERO C/GANCHO 444.D 2.3 M,TULMEX,529523D,5,,,05/01/2024,,,,,,,,,
S0565,AREA EX,CINTURON DE LINIERO ,CINTURON DE LINIERO S/COJIN,TULMEX,520342,5,,,05/01/2024,,,,,,,,,
S0566,,ROUTER,ROUTER RB5009 SERIES,MIKROTIK,RB5009UGSIN,1,Se coloca atrás del lugar del ing. Cesar,,05/01/2024,,,,,,,,,
S0567,,ROUTERBOARD,RB4011 SERIES,MIKROTIK,RB4011iGSRM,1,Se coloca atrás del lugar del ing. Cesar,,05/01/2024,,,,,,,,,
S0568,AREA OFICINA,RUTEADOR PARA RED INALAMBRICA,"ONU GPON, WIFI 2.4 GHZ, 2 PUERTOS GIGABIT + 2 PUERTOS FAST ETHERNET, CONECTOR SC/UPC",FIBERHOME,HG6543C,1,Se coloca atrás del lugar del ing. Cesar,,08/01/2024,,,,,,,,,
S0569,AREA OFICINA,ROUTER,"ONU Dual G/EPON con Wi-Fi en 2.4 GHz + 1 puerto LAN Gigabit + 1 puerto LAN Fast Ethernet, hasta 300 Mbps vía inalámbrico",V-SOL,V2802-GW,2,Se coloca atrás del lugar del ing. Cesar,,08/01/2024,,,,,,,,,
S0570,AREA OFICINA,ROUTER,AC1200 Wi-Fi 5 GPON VoIP Gateway ONT,TP-LINK,XC220-G3v,1,Se coloca atrás del lugar del ing. Cesar,,08/01/2024,,,,,,,,,
S0571,AREA OFICINA,ROUTER,ONU - GPON Router inalámbrico 2.4 GHz / 1 puerto GPON SC-APC / 2 puertos LAN (1 GE/ 1 FE) / 1 puerto POTS (FXS) / Soporta AGINET,TP-LINK,XN020-G3V,1,Se coloca atrás del lugar del ing. Cesar,,08/01/2024,,,,,,,,,
S0572,AREA OFICINA,ROUTER,XPON 1GE+1FE+CATV+WIFI ONU,SY-FIBER,SYP-GWV402,1,Se coloca atrás del lugar del ing. Cesar,,08/01/2024,,,,,,,,,
S0573,AREA OFICINA,ROUTER,XPON 1GE + 1FE+ CATV+ WIFI ONU,SY FIBER,SYP-GWC202,1,Se coloca atrás del lugar del ing. Cesar,,08/01/2024,,,,,,,,,
S0574,AREA OFICINA,ROUTER,Router Inalámbrico MU-MIMO AC1900,TP-LINK,ARCHER C80,1,Atrás del Ing. Cesar,,08/01/2024,,,,,,,,,
S0575,AREA OFICINA,CORTADORA,CORTADORA DE FIBRA OPTICA DE ALTA PRECISION ,FIVER CLEAVER,AUA-X01,2,SE REPITE CON LA CLAVE S0587,,08/01/2024,,,,,,,,,
S0576,AREA OFICINA,CONECTORES,Conector RJ45 para Cable FTP/STP Categoría 5E - Blindado,UBIQUITI NETWORKS,TC-CON,96,100   Atrás del Ing. Cesar,,08/01/2024,,,,,,,,,
S0577,AREA OFICINA,ADAPTADOR,Adaptador de Pared de 12 Vcc @ 500 mA / Uso en Interior / Múltiples Usos,EPCOM POWERLINE,PLDC500,1,Atrás del Ing. Cesar,,08/01/2024,,,,,,,,,
S0578,AREA OFICINA,MODULO TRANSCEPTOR,"Módulo transceptor/Transceiver óptico compatible con Extreme, 100GBASE-ER4 QSFP28 1310nm 40km DOM LC dúplex SMF",HUAWEI,QSFP28-ER4-100G,2,Atrás del Ing. Cesar,,08/01/2024,,,,,,,,,
S0579,AREA OFICINA,RECEPTOR DE SATELITE DIGITAL ,"GTMEDIA V8 NOVA azul Full HD 1080P DVB-S2 FTA receptor de satélite digital compatible con H.265, PowerVu, llave biss, WiFi incorporado",GTMEDIA,GTB623-4D4,1,Atrás del Ing. Cesar,,08/01/2024,,,,,,,,,
S0580,AREA OFICINA,TARJETA DE SERVICIO,Tarjeta de Servicio de 16 puertos GPON para OLTs Huawei EA5800,HUAWEI,H903GPHF,4, 3 Atrás del Ing. Cesar,,08/01/2024,,,,,,,,,
S0581,AREA OFICINA,GPON BOARD,"Huawei H806GPFD 16-port GPON OLT interface board with C+ module, apply to Huawei MA5608T/MA5680T/MA5683T",HUAWEI,H806GPFD,1,4  Atrás del Ing. Cesar,,08/01/2024,,,,,,,,,
S0582,AREA OFICINA,EPON GPON ONU, XPON ONU POWER ,-------,HG8310M,51,6    Atrás del Ing. Cesar, ,08/01/2024,,,,,,,,,
S0583,AREA OFICINA,ROLLO TERMICO,"Roltec Rollo de Papel Térmico, 80 x 70mm, 50 Rollos",ROLTEC, 38740318,45,43 Atrás del Ing. Cesar,,09/01/2024,,,,,,,,,
S0584,AREA OFICINA,BANDOLA,BANDOLA AMARILA AJUSTABLE,JYRSA,SS-BA,1,Atrás del Ing. Cesar,,09/01/2024,,,,,,,,,
S0585,AREA OFICINA,MALETIN NEGRA,"MOCHILA NEGRA CONTIENE: 1 TIJERA, 1 PINZA DE 3 NIVELES PARA FIBRA OPTICA, 1 CLEANER PEN SC,  1MEDIDOR, 1 MINI VISUAL DE LASER",----,----,5,Atrás del Ing. Cesar,,09/01/2024,,,,,,,,,
S0586,AREA OFICINA,CINTURON ,HAWK CINTURON PORTA HERRAMIENTAS T40 732-40,HAWK,----,1,Atrás del Ing. Cesar,,09/01/2024,,,,,,,,,
S0587,AREA OFICINA,FIBER CLEAVER,"FIBER CLEAVER, CABLE CUTTING ",---,AUA-X01,2,Atrás del Ing. Cesar,,09/01/2024,,,,,,,,,
S0588,AREA BAJA,PERRO HIERRO MALEABLE,PER2 Perro Hierro Maleable 3/16,SURTEK,,60,,,12/01/2024,,,,,,,,,
S0589,AREA A,XPON ONU,GPON ONT-ONU C-DATA FD504GW WIFI AC / 1 PUERTO GPON SC-UPC / 4 PUERTOS GIGABIT ETHERNET / WIFI AC 2X2 MIMO / FRECUENCIA DE 2.4GHz Y 5 GHz,C-DATA,FD504GW-DX-R461,42,,,12/01/2024,,,,,,,,,
S0590,AREA OFICINA,ROUTER,ONU Dual EPON/GPON / 8 Puertos PoE 802.3at Gigabit / Wi-Fi Doble banda 2.4 y 5 GHz / 1 Puerto SC/UPC,V-SOL,ICT3310DPS8G2NAC,1,Atrás del Ing. Cesar,,23/01/2024,,,,,,,,,
S0591,AREA OFICINA,MODULO TRANSCEPTOR,"MODULO TRANSCEPTOR DE 20 KM AZUL-MORADO, PAR",FS,SFP-10G-BX,1,,,,,,,,,,,,
S0592,,CAJA DE DISTRIBUCIÓN,"Caja de Distribución de Fibra Óptica Horizontal, hasta 96 empalmes, Exterior IP68, 3 Puertos de entrada y Salida", LINKEDPRO BY EPCOM,LP-FOSCH96-3,2,,,23/01/2024,,,,,,,,,
S0593,,CIERRE DE EMPALME,"Cierre de Empalme para 24 fusiones de fibra óptica, Interior/Exterior, con 8 acopladores SC/APC y splitter 1x8, IP65", FIBERHOME,GFS8G,30,,,23/01/2024,,,,,,,,,
S0594,,GABINETE,"Gabinete para Montaje en Pared Fijo, con 9 Unidades de Rack, de 19in, Puerta de Cristal Templado, Fabricado en Acero",LINKEDPRO BY EPCOM,SR1909GFP,1,,,23/01/2024,,,,,,,,,
S0595,AREA B,SPLITTER,SPLITTER 1X2 G657A2 900UM S/CON,INCOM,SP1X2A2BN/BN2,10,,,09/02/2024,,,,,,,,,
S0596,AREA B,SPLITTER,SPLITTER PLC 1X8 RIBBON G657A2S/CONEC,INCOM,SP1X8A2AN/RN2,4,,,09/02/2024,,,,,,,,,
S0597,AREA B,PREPARADORA PARA ACOMETIDA,PREPARADORA PARA ACOMETIDA DE CABLE COAXIAL 59 6 SDT. TRI QUAD N48,CABLEMATIC,SDT596250,1,,,09/02/2024,,,,,,,,,
S0598,AREA B,CRIMPADORA,CRIMPADORA O PONCHADORA UNIVERSAL PARA CONECTORES ftF ft/BNC/RCA,JONARD,CT200,1,,,09/02/2024,,,,,,,,,
S0599,AREA D,CORTADORA DE PRECISION,CORTADORA DE PRECISION DE 3 PASOS S/N COLECTOR DE RESIDUOS PARA CORTE DE FIBRA DE 125 UM,ICOPTIKS,ICOCBP/1,1,,,09/02/2024,,,,,,,,,
S0600,AREA B,MINI CIERRE DE REPARACION,MINI CIERRE DE REPARACION FTTH PARA 2 FUSIONES LEYENDA FT GENERAL,ICOPTIKS,FTSHELL/02,1,,,09/02/2024,,,,,,,,,
S0601,AREA B,JUMPER,JUMPER DE FIBRA OPTICA MONOMODO SC/UPC SC/APC SIMPLEX COLOR AMARILLO 1 METRO,LINKED PRO BY EPCOM,LPFOSCUSCA01,20,33,,09/02/2024,,,,,,,,,
S0602,AREA A,SISTEMA DE ENERGIA,"UPS DE 550 VA/330W,TOPOLOGIA STANDBY,ENTRADA 120 VCA NEMA 5-15P,TIPO GABINETE COMPLETO CON 8 TOMAS NEMA 5-15R",CIBERPOWER,CP550SLG,3,1 ESTA CONECTADO EN OFICINA,,09/02/2024,,,,,,,,,
S0603,,KIT STARLINK STANDAR,STARLINK STANDAR KIT (ANTENA MATRIZ DE FASE Y UN ROUTER INALAMBRICO),STARLINK,NSEJ77890,3,,,10/02/2024,,,,,,,,,
S0604,AREA 1,Juego Manometros Refrigeracion ,"Juego de manómetros de diagnóstico de aire acondicionado profesional de 4 vías para refrigerantes R134A, R410A y R22. Diseñado para carga de CA, comprobación de diagnóstico, recuperación y evacuación.",JL-kj,MANOMETRO DE DIAGNOSTICO,1,,,15/02/2024,,,,,,,,,
S0605,AREA P3,MONTAJE,KIT DE ACCESORIO DE MONTAJE EN LINEA PARA OTB-0616AOHK APC,,OTB-0616AOHK,10,,,45348,,,,,,,,,
S0606,AREA P3,ROSETA ,"ROSETA DE TERMINACION, 4 PUERTOS SC, SOPORTA SPLITTER 1X4 CS",Cablix,OTB-0604AIW,9,,,45348,,,,,,,,,
S0607,AREA A,HD DVR,"DVR 16 CANALES TURBO HD + 16 CANALES IP, 7200 SERIES",HIKVISION,IDS7216HUHIM2/S/A(E),1,,,16/02/2024,,,,,,,,,
S0608,AREA A,ESTACION BASE,"ESTACION BASE 2X2 MIMO AIRMAX LITE APC AC HASTA 450MBPS, 5 GHZ CON ANTENA INTEGRADA DE 17 DBI Y COBERTURA DE 90 GRADOS CON GPS 5YNC",UBIQUITI NETWORKS,LAPGPS,2,,,45342,,,,,,,,,
S0609,AREA A,BOBINA DE CABLE DE 305 M,"BOBINA DE CABLE DE 305 M (1000 ft) CAT 5E ALTO DESEMPENO COLOR GRIS UL PARA APLICACIONES DE VIDEOVIGILANCIA, REDES DE DATOS,,USO INTERIOR",LINKED PRO,PROCAT5E,1,,,16/02/2024,,,,,,,,,
S0610,AREA A,DISCO DURO,DISCO DURO PURPLE DE 2 TB PARA VIDEO VIGILANCIA,WESTERN DIGITAL (WD),WD23PURZ,1,,,16/02/2024,,,,,,,,,
S0611,AREA B,KIT DE TRANSCEPTORES (BALUNS),KIT DE TRANSCEPTORES CON TERMINAL PUSH SUPERIOR,EPCOM,TT101FTURBOS,5,,,16/02/2024,,,,,,,,,
S0612,AREA P3,ROSETA,"ROSETA DE TERMINACION, 4 PUERTOS SC, SIMPLEX, VACIA.",FIBRAMERICA,FAB-SOC-4B,9,,,45348,,,,,,,,,
S0613,AREA A,ROUTER,"ROUTER 300 MBPS WIRELES ROUTER, MODEM",HIKVISION,DS-3WR3N,3,,,16/02/2024,,,,,,,,,
S0614,AREA A,ROUTER,SWITCH POE ROUTER BOARD 100/240 VCC 50/60 HZ 2.5 MAX COLOR BLANCO,MIKROTIK,CRS112-8P-4S-IN,3,,,45338,,,,,,,,,
S0615,AREA P 3,PATCH ,"PATCH PANEL OPTICO 19"" 24 SC MATERIAL DE ACERO LAMINADO",Cablix,OPP-0624SIB,1,,,45348,,,,,,,,,
S0616,AREA P3,PATCH ,"PATCH PANEL 48 PUERTOS + 48 ADAPTADORES SC-APC. ESTRUCTURA GIRATORIA, ACERO LAMINADO.",FIBRAMERICA,FAB-FSP-S48,1,,,45348,,,,,,,,,
S0617,AREA P3,PATCH,"PATCH PANEL 24 PUERTOS SC/LC/E2000/FC RACK 19"" ACERO LAMINADO",FIBRAMERICA,FAB-FPX-P4-24,1,,,45348,,,,,,,,,
S0618,AREA P3,PATCH,"PATCH PANEL 12 PUERTOS SC/LC/E2000/FC RACK 19"" ACERO LAMINADO",FIBRAMERICA,FAB-FPX-P4-12,1,,,45348,,,,,,,,,
S0619,AREA B,CABLE DAC,CABLE DAC 1G/10G 1 METRO,LINKEDPRO,LP-DAC-1/10G-1M,1,,,45348,,,,,,,,,
S0620,AREA B,,"UFiber Módulo Ethernet RJ45 a SFP 10/100/1000 Mbps, distancia hasta 100 m",UBIQUITI,UACC-CM-RJ45-1G,3,,,26/02/2024,,,,,,,,,
S0621,AREA A,VFL,LASER VISUAL FAULT LOCATOR,,VFL,1,,,26/02/2024,,,,,,,,,
S0622,AREA OFICINA,MODULO TRANSCEPTOR,MODULO TRANSCEPTOR AZUL-MORADO 40 KM PAR,FS,SFP-10G-BX40,2,,,08/03/2024,,,,,,,,,
S0623,AREA OFICINA,MODULO TRANSCEPTOR,MODULO TRANSCEPTOR 10 KM ROJO,FS,SFP-10G-BX,1,,,08/03/2024,,,,,,,,,
S0624,AREA OFICINA,,,JUNIPER NETWORKS,740-021308,5,,,08/03/2024,,,,,,,,,
S0625,AREA OFICINA,,,HUAWEI,10G-1310nm,6,,,08/03/2024,,,,,,,,,
S0626,AREA OFICINA,,,HUAWEI,10G-1550nm,5,,,08/03/2024,,,,,,,,,
S0627,AREA OFICINA,,,HUAWEI,smartAXMA5671A,3,,,08/03/2024,,,,,,,,,
S0628,AREA OFICINA,,,HIRSCHMANN,SFP-GIG-LX/LCEEC,1,,,08/03/2024,,,,,,,,,
S0629,AREA OFICINA,,,,MGB-TSX,1,,,08/03/2024,,,,,,,,,
S0630,AREA OFICINA,,,HUAWEI,GPON-ONU-CLASS B+1,1,,,08/03/2024,,,,,,,,,
S0631,AREA OFICINA,CAMARA,CAMARA IP HIKVISION 4MP DOMO-LENTE 2.8MM IR30M-POE-IP67,HIKVISION,DS2CD2143G21,1,,,05/03/2024,,,,,,,,,
S0632,AREA OFICINA,MEMORIA USB,"MEMORIA USB DE 64GB/VERSION3.0/METALICA/COMPATIBLE CON WINDOWS, MAC Y LINUX",HIKSEMI,HUSUSBM200,5,,,05/03/2024,,,,,,,,,
S0633,AREA OFICINA,MEMORIA MICROSD,MEMORIA MICROSD CLASE10 DE 512GB ESPECIALIZADA PARA VIDEOVIGILANCIA(USO 24/7) COMPATIBLES CON CAMARAS HIKVISIONY OTRAS MARCAS /95MBS LECTURA/60 MBS ESCRITURA,HIKSEMI,HSTFEI/512G,1,,,05/03/2024,,,,,,,,,
S0634,,CABLE DE PARCHEO,CABLE DE PARCHEO UTP CAT 5E CON TERMINACION 110(PUNCHDOWN) PARA FACEPLACE AZUL,LINKED PRO,NK5EPC7BUY,0,,,05/03/2024,,,,,,,,,
S0635,AREA OFICINA,CAMARA,"CAMARA AUDIO POR COAXITRON/TURRET TURBOHD 5 MEGAPIXEL/ANGULO DE VISION 85.5 LENTE DE 2,8MM/30MT IREXIR/EXTENSION IP67/4 TECNOLOGIAS/DWDR",,E50TURBOG2/A,2,,,09/03/2024,,,,,,,,,
